id,status,url,tipo iniciativa,region,provincia,comuna,volumen,presupuesto oficial,valor de referencia,llamado a licitacion,recepcion ofertas tecnicas,apertura ofertas economicas,decreto adjudicacion,sociedad concesionaria,inicio concesion,plazo concesion,psp,inspector fiscal,name,UF,USD
10,3-operacion,https://concesiones.mop.gob.cl/proyectos/Paginas/detalleExplotacion.aspx?item=10,Pública,13,santiago,"la florida,maipu",766 camas,,"La inversión en MM USD se calcula en base a la Unidad de Fomento (UF) promedio de 2017 (CLP 26.571,93) y el Dólar Promedio 2017 (CLP 649,33)",24 de mayo de 2008,18 de mayo de 2009,12 de junio de 2009,N° 230 del 11 de agosto de 2009,Sociedad Concesionaria San José - Tecnocontrol S.A,5 de noviembre de 2009,30 semestres corridos desde PSD de Concesión,No Asignado,Sandra Soto,Concesión Hospital de Maipú y La Florida,0.0,0.0
11,3-operacion,https://concesiones.mop.gob.cl/proyectos/Paginas/detalleExplotacion.aspx?item=11,Privada,13,santiago,"cerillos,cerro navia,conchali,estacion central,independencia,la cisterna,la florida,la pintana,la reina,lo barnechea,lo prado,nunoa,penalolen,puente alto,recoleta,renca,san bernardo,san miguel,santiago,vitacura",20 municipios,,"La inversión en MM USD se calcula en base a la Unidad de Fomento (UF) promedio de 2017 (CLP 26.571,93) y el Dólar Promedio 2017 (CLP 649,33)",4 de enero de 2009,4 de noviembre de 2009,2 de diciembre de 2009,D.S N° 136 del 15 de febrero de 2010,Sociedad Concesionaria Centro Metropolitano de Vehículos Retirados de Circulación S.A.,5 de mayo de 2010,300 meses desde PSP,No Asignado,Nicolás Petersen,Concesión Centro Metropolitano de Vehículos Retirados de Circulación,0.0,0.0
116,5-finalizada,https://concesiones.mop.gob.cl/proyectos/Paginas/Detalleconcesionesfinalizadas.aspx?item=116,Pública,4,elqui,la serena,4.300 m2,,"La inversión en MM USD se calcula en base a la Unidad de Fomento (UF) promedio de 2017 (CLP 26.571,93) y el Dólar Promedio 2017 (CLP 649,33)",29 de diciembre de 2011,28 de junio de 2012,19 de julio de 2012,N° 290 de 21 de septiembre de 2012,Consorcio Aeroportuario de la Serena S.A. Sociedad Concesionaria,12 de diciembre de 2012,"plazo variable 120 meses o 36 meses desde que VPI=0,70*ITC. La concesión finalizó el 31 de octubre de 2021",No Asignado,No Asignado,Segunda Concesión Aeródromo La Florida de La Serena,0.0,0.0
117,4-construccion y operacion,https://concesiones.mop.gob.cl/proyectos/Paginas/detalleConstruccion.aspx?item=117,Pública,13,santiago,pudahuel,379.000 m2,UF 14.980.000 (MM USD 700),"La inversión en MM USD se calcula en base a la Unidad de Fomento (UF) promedio de 2017 (CLP 26.571,93) y el Dólar Promedio 2017 (CLP 649,33)",20 de junio de 2014,30 de diciembre de 2014,20 de junio de 2014,N° 105 del 12 de marzo de 2015,Sociedad Concesionaria Nuevo Pudahuel S.A.,1 de octubre de 2015,Plazo fijo 20 años,,Juan Carlos Figueroa Quezada,Segunda Concesión Aeropuerto Arturo Merino Benítez ,14980000.0,700.0
117,4-construccion y operacion,https://concesiones.mop.gob.cl/proyectos/Paginas/detalleConstruccion.aspx?item=117,Pública,13,santiago,pudahuel,379.000 m2,UF 14.980.000 (MM USD 700),"La inversión en MM USD se calcula en base a la Unidad de Fomento (UF) promedio de 2017 (CLP 26.571,93) y el Dólar Promedio 2017 (CLP 649,33)",20 de junio de 2014,30 de diciembre de 2014,20 de junio de 2014,N° 105 del 12 de marzo de 2015,Sociedad Concesionaria Nuevo Pudahuel S.A.,1 de octubre de 2015,Plazo fijo 20 años,,Juan Carlos Figueroa Quezada,Segunda Concesión Aeropuerto Arturo Merino Benítez ,14980000.0,700.0
117,4-construccion y operacion,https://concesiones.mop.gob.cl/proyectos/Paginas/detalleConstruccion.aspx?item=117,Pública,13,santiago,pudahuel,379.000 m2,UF 14.980.000 (MM USD 700),"La inversión en MM USD se calcula en base a la Unidad de Fomento (UF) promedio de 2017 (CLP 26.571,93) y el Dólar Promedio 2017 (CLP 649,33)",20 de junio de 2014,30 de diciembre de 2014,20 de junio de 2014,N° 105 del 12 de marzo de 2015,Sociedad Concesionaria Nuevo Pudahuel S.A.,1 de octubre de 2015,Plazo fijo 20 años,,Juan Carlos Figueroa Quezada,Segunda Concesión Aeropuerto Arturo Merino Benítez ,14980000.0,700.0
12,3-operacion,https://concesiones.mop.gob.cl/proyectos/Paginas/detalleExplotacion.aspx?item=12,Pública,6,"cardenal caro,colchagua","chepica,chimbarongo,lolol,marchigue,nancagua,palmilla,peralillo,santa cruz",237 hm3,UF 4.200.000,"La inversión en MM USD se calcula en base a la Unidad de Fomento (UF) promedio de 2017 (CLP 26.571,93) y el Dólar Promedio 2017 (CLP 649,33)",Octubre 2003,12 de noviembre de 2004,10 de diciembre de 2004,N° 273 - 27 de abril de 2005,Sociedad Concesionaria Embalse Convento Viejo S.A,4 de julio de 2005,304 meses según Convenio Complementario 1,No Asignado,Álvaro Toledo,"Concesión Embalse Convento Viejo II Etapa, VI Región ",4200000.0,0.0
121,3-operacion,https://concesiones.mop.gob.cl/proyectos/Paginas/detalleExplotacion.aspx?item=121,Pública,2,antofagasta,antofagasta,671 camas,UF 5.300.000,"La inversión en MM USD se calcula en base a la Unidad de Fomento (UF) promedio de 2017 (CLP 26.571,93) y el Dólar Promedio 2017 (CLP 649,33)",31 de diciembre de 2011,1 de octubre de 2012,19 de octubre de 2012,N° 141 - 26 de febrero de 2013,Sociedad Concesionaria Salud Siglo XXI S.A.,21 de junio de 2013,30 semestres desde APS,No Asignado,Mauricio Miranda,Concesión Hospital de Antofagasta,5300000.0,0.0
124,2-construccion,https://concesiones.mop.gob.cl/proyectos/Paginas/detalleHidricas.aspx?item=124,Pública,13,santiago,providencia,641 camas,UF 6.714.000 (MM USD 250),"La inversión en MM USD se calcula en base a la Unidad de Fomento (UF) promedio de 2017 (CLP 26.571,93) y el Dólar Promedio 2017 (CLP 649,33)",15 de octubre de 2013,29 de enero de 2014,29 de enero de 2014,N° 141 del 11 de febrero de 2014,Consorcio de Salud Santiago Oriente S.A. Sociedad Concesionaria,28 de mayo de 2014,30 semestres desde APS (Autorización de Pago de Subsidios),,Miguel Ara Santana,Concesión Hospital del Salvador - Geriátrico,6714000.0,250.0
126,3-operacion,https://concesiones.mop.gob.cl/proyectos/Paginas/detalleExplotacion.aspx?item=126,Pública,13,santiago,cerro navia,523 camas / 122.000 m2,UF 5.300.000 (MMUS$ 250),"La inversión en MM USD se calcula en base a la Unidad de Fomento (UF) promedio de 2017 (CLP 26.571,93) y el Dólar Promedio 2017 (CLP 649,33)",14 de noviembre de 2013,30 de enero de 2014,12 de febrero de 2014,Decreto N° 153  del  27 de febrero de 2014,Sociedad Concesionaria Metropolitana de Salud S.A.,6 de junio de 2014,30 semestres desde APS,No Asignado,Javier Chacón,Concesión Hospital Félix Bulnes,5300000.0,0.0
13,3-operacion,https://concesiones.mop.gob.cl/proyectos/Paginas/detalleExplotacion.aspx?item=13,Pública,9,cautin,temuco,5.300 m2,,"La inversión en MM USD se calcula en base a la Unidad de Fomento (UF) promedio de 2017 (CLP 26.571,93) y el Dólar Promedio 2017 (CLP 649,33)",7 de diciembre de 2008,9 de octubre de 2009,3 de noviembre de 2009,D.S MOP Nº 121 del 2 de febrero de 2010,Sociedad Concesionaria Aeropuerto Araucanía S.A,17 de abril de 2010,240 meses o VPI &gt; = ITC,No Asignado,José Roa,Concesión Nuevo Aeropuerto Región de La Araucanía,0.0,0.0
132,3-operacion,https://concesiones.mop.gob.cl/proyectos/Paginas/detalleExplotacion.aspx?item=132,Pública,"2,8","antofagasta,concepcion","antofagasta,concepcion",2.350 internos,,"La inversión en MM USD se calcula en base a la Unidad de Fomento (UF) promedio de 2017 (CLP 26.571,93) y el Dólar Promedio 2017 (CLP 649,33)",6 de abril de 2009,23 de diciembre de 2009,14 de enero de 2010,N° 119 de 02 de febrero de 2010,Sociedad Concesionaria Grupo Dos S.A.,17 de abril de 2010,30 semestres desde última APS,No Asignado,Yair Varas Rojas,Segunda Concesión Programa Penitenciario Grupo 2 (Antofagasta y Concepción),0.0,0.0
134,5-finalizada,https://concesiones.mop.gob.cl/proyectos/Paginas/Detalleconcesionesfinalizadas.aspx?item=134,No definido,1,iquique,iquique,,UF 389.830 / MM USD16,,15 de abril de 2007,10 de septiembre de 2007,26 de septiembre 2007,DS MOP N° 710 del 8 octubre de 2007,Sociedad Concesionaria AEROTAS S. A.,27 de noviembre de 2007,15 años,No Asignado,No Asignado,Segunda Concesión Aeropuerto Diego Aracena de Iquique ,389830.0,0.0
139,5-finalizada,https://concesiones.mop.gob.cl/proyectos/Paginas/Detalleconcesionesfinalizadas.aspx?item=139,Pública,1,iquique,iquique,7.926 m2,UF 158.980,"La inversión en MMUS$ se calcula en base a la Unidad de Fomento (UF) del 31 de diciembre 2017 ($ 26.798,14) y el Dólar Promedio 2014 ($ 570,37)",10 de diciembre de 2011,25 de mayo de 2012,19 de junio de 2012,N° 237 de 26 de julio de 2012,Sociedad Concesionaria Aeropuerto Iquique S.A.,22 de octubre de 2012,48 meses,No Asignado,No Asignado,Tercera Concesión Aeropuerto Diego Aracena de Iquique,158980.0,0.0
14,5-finalizada,https://concesiones.mop.gob.cl/proyectos/Paginas/Detalleconcesionesfinalizadas.aspx?item=14,Pública,12,magallanes,punta arenas,7.000 m2,"UF 342.362,57","La inversión en MM USD se calcula en base a la Unidad de Fomento (UF) promedio de 2017 (CLP 26.571,93) y el Dólar Promedio 2017 (CLP 649,33)",5 de enero de 2009,23 de julio de 2009,14 de agosto de 2009,D.S N° 282 del 10 de noviembre de 2009,Consorcio Aeroportuario de Magallanes S.A Sociedad Concesionaria,13 de enero de 2010,15 años o VPI &gt; = ITC + 4 meses,No Asignado,No Asignado,Segunda Concesión Aeropuerto Carlos Ibáñez del Campo de Punta Arenas ,342362.0,0.0
140,5-finalizada,https://concesiones.mop.gob.cl/proyectos/Paginas/Detalleconcesionesfinalizadas.aspx?item=140,Pública,10,llanquihue,puerto montt,9.900 m2,"UF 90.000 / MM USD 4,1","La inversión en MMUS$ se calcula en base a la Unidad de Fomento (UF) del 31 de diciembre 2017 ($ 26.798,14) y el Dólar Promedio 2014 ($ 570,37)",30 de agosto de 2013,5 de diciembre de 2013,27 de diciembre 2013,N° 140 de 11 de febrero de 2014,Sociedad Concesionaria Aeropuerto El Tepual S.A.,28 de marzo de 2014,4 años,No Asignado,No Asignado,Tercera Concesión Aeropuerto El Tepual de Puerto Montt ,90000.0,4.1
141,3-operacion,https://concesiones.mop.gob.cl/proyectos/Paginas/detalleExplotacion.aspx?item=141,Pública,4,"elqui,limari","coquimbo,ovalle",86 kilómetros,UF 5.100.000,"La inversión en MM USD se calcula en base a la Unidad de Fomento (UF) promedio de 2017 (CLP 26.571,93) y el Dólar Promedio 2017 (CLP 649,33)",11 de noviembre de 2011,19 de octubre de 2012,26 de octubre de 2012,N° 151 del 6 de marzo de 2013,Sociedad Concesionaria Ruta del Limarí S.A.,31 de mayo de 2013,360 meses o VPI &gt;= ITC,No Asignado,Luis Barrera Tejada,Concesión Mejoramiento y Conservación de la Ruta 43 de la Región de Coquimbo,5100000.0,0.0
146,2-construccion,https://concesiones.mop.gob.cl/proyectos/Paginas/detalleHidricas.aspx?item=146,Pública,8,concepcion,"hualpen,san pedro de la paz","6,4 km","UF 6.047.405,31 (MM USD 248,3)","La inversión en MM USD se calcula en base a la Unidad de Fomento (UF) promedio de 2017 (CLP 26.571,93) y el Dólar Promedio 2017 (CLP 649,33)",28 de diciembre de 2012,15 de noviembre de 2013,13 de diciembre de 2013,Decreto N° 346 del 8 de julio de 2014,Sociedad Concesionaria Puente Industrial S.A.,2 de diciembre de 2014,498 meses o VPI&gt;=ITC,,Alex Leighton,Concesión Vial Puente Industrial,6047405.0,248.3
15,5-finalizada,https://concesiones.mop.gob.cl/proyectos/Paginas/Detalleconcesionesfinalizadas.aspx?item=15,Privada,1,iquique,iquique,,"UF 177.302 / MM USD 7,3",,2 de junio de 1995,20 de junio de 1995,20 de julio de 1995,23 de diciembre de 1995,Empresa Constructora Belfi S.A. Línea Aérea Nacional de Chile S.A. y Desarrollo de Concesiones S.A.,,15 años,No Asignado,No Asignado,Primera Concesión Aeropuerto Diego Aracena de Iquique,177302.0,7.3
152,2-construccion,https://concesiones.mop.gob.cl/proyectos/Paginas/detalleHidricas.aspx?item=152,Privada,13,santiago,"huechuraba,las condes,providencia,vitacura",3 kms,"UF 1.948.603 (MM USD 79,7)","La inversión en MM USD se calcula en base a la Unidad de Fomento (UF) promedio de 2017 (CLP 26.571,93) y el Dólar Promedio 2017 (CLP 649,33)",11 julio 2017,15 de diciembre de 2017,12 de enero de 2018,N° 27 del 1 de marzo de 2018,Sociedad Concesionaria Teleférico Bicentenario S.A.,19 de mayo de 2018,"Plazo variable, máximo 35 años (420 meses)",,Romina Elizabeth Segura Villalobos,Concesión Teleférico Bicentenario,1948603.0,79.7
157,3-operacion,https://concesiones.mop.gob.cl/proyectos/Paginas/detalleExplotacion.aspx?item=157,Pública,8,concepcion,talcahuano,20.000 m2 totales,UF 770.000,"La inversión en MM USD se calcula en base a la Unidad de Fomento (UF) promedio de 2017 (CLP 26.571,93) y el Dólar Promedio 2017 (CLP 649,33)",14 de diciembre de 2015,28 de abril de 2016,26 de mayo de 2016,N° 210 - 1 de julio de 2016,Sociedad Concesionaria Aeropuerto  Carriel Sur S.A.,24 de agosto de 2016,180 meses a partir de la PSP Fase 1,No Asignado,Jorge Muñoz,Segunda Concesión Aeropuerto Carriel Sur de Concepción ,770000.0,0.0
158,3-operacion,https://concesiones.mop.gob.cl/proyectos/Paginas/detalleExplotacion.aspx?item=158,Pública,1,iquique,iquique,10.500 m2,"UF 1.420.000 (MM USD 58,1)","La inversión en MM USD se calcula en base a la Unidad de Fomento (UF) promedio de 2017 (CLP 26.571,93) y el Dólar Promedio 2017 (CLP 649,33)",23 de marzo de 2016,18 de abril de 2017,18 de mayo de 2017,Nº 82 de 24 de julio de 2017,Sociedad Concesionaria Aeropuerto Diego Aracena S.A.,12 de octubre de 2017,"Plazo variable, máximo 25 años (300 meses)",No Asignado,Nelson Acosta,Cuarta Concesión Aeropuerto Diego Aracena de Iquique,1420000.0,58.1
16,5-finalizada,https://concesiones.mop.gob.cl/proyectos/Paginas/Detalleconcesionesfinalizadas.aspx?item=16,Privada,10,llanquihue,puerto montt,,"UF 594.174 / MM USD$ 24,3",,9 de enero de 2007,30 de agosto de 2007,24 de septiembre de 2007,DS MOP N° 807 del 7 de noviembre de 2007,Aeropuerto Puerto Montt S.A,28 de febrero de 2008,15 años,No Asignado,No Asignado,Segunda Concesión Aeropuerto El Tepual de Puerto Montt,594174.0,24.3
161,4-construccion y operacion,https://concesiones.mop.gob.cl/proyectos/Paginas/detalleConstruccion.aspx?item=161,Pública,5,"quillota,valparaiso","nogales,puchuncavi,quintero",43 km aproximadamente,UF 5.250.000 (MM USD 220),"La inversión en MM USD se calcula en base a la Unidad de Fomento (UF) promedio de 2017 (CLP 26.571,93) y el Dólar Promedio 2017 (CLP 649,33)",27 de noviembre de 2015,29 de marzo de 2016,22 de abril de 2016,N° 199 del 7 de junio de 2016,Sociedad Concesionaria Nuevo Camino Nogales - Puchuncaví S.A.,23 de agosto de 2016,"Plazo variable, máximo 38 años (456 meses)",,Claudio Asenjo Schultz,Segunda Concesión Camino Nogales - Puchuncaví ,5250000.0,220.0
161,4-construccion y operacion,https://concesiones.mop.gob.cl/proyectos/Paginas/detalleConstruccion.aspx?item=161,Pública,5,"quillota,valparaiso","nogales,puchuncavi,quintero",43 km aproximadamente,UF 5.250.000 (MM USD 220),"La inversión en MM USD se calcula en base a la Unidad de Fomento (UF) promedio de 2017 (CLP 26.571,93) y el Dólar Promedio 2017 (CLP 649,33)",27 de noviembre de 2015,29 de marzo de 2016,22 de abril de 2016,N° 199 del 7 de junio de 2016,Sociedad Concesionaria Nuevo Camino Nogales - Puchuncaví S.A.,23 de agosto de 2016,"Plazo variable, máximo 38 años (456 meses)",,Claudio Asenjo Schultz,Segunda Concesión Camino Nogales - Puchuncaví ,5250000.0,220.0
161,4-construccion y operacion,https://concesiones.mop.gob.cl/proyectos/Paginas/detalleConstruccion.aspx?item=161,Pública,5,"quillota,valparaiso","nogales,puchuncavi,quintero",43 km aproximadamente,UF 5.250.000 (MM USD 220),"La inversión en MM USD se calcula en base a la Unidad de Fomento (UF) promedio de 2017 (CLP 26.571,93) y el Dólar Promedio 2017 (CLP 649,33)",27 de noviembre de 2015,29 de marzo de 2016,22 de abril de 2016,N° 199 del 7 de junio de 2016,Sociedad Concesionaria Nuevo Camino Nogales - Puchuncaví S.A.,23 de agosto de 2016,"Plazo variable, máximo 38 años (456 meses)",,Claudio Asenjo Schultz,Segunda Concesión Camino Nogales - Puchuncaví ,5250000.0,220.0
162,3-operacion,https://concesiones.mop.gob.cl/proyectos/Paginas/detalleExplotacion.aspx?item=162,Pública,5,"petorca,quillota","nogales,zapallar","5,2 km","UF 3.026.000 (MM USD 124,7)","La inversión en MM USD se calcula en base a la Unidad de Fomento (UF) promedio de 2017 (CLP 26.571,93) y el Dólar Promedio 2017 (CLP 649,33)",14 de octubre de 2015,17 de febrero de 2016,7 de marzo de 2016,N° 162 del 4 de abril de 2016,Sociedad Concesionaria Túnel El Melón II S.A.,7 de junio de 2016,"Plazo variable, máximo 15 años (180 meses)",No Asignado,Max Schrader,Segunda Concesión Túnel El Melón ,3026000.0,124.7
176,5-finalizada,https://concesiones.mop.gob.cl/proyectos/Paginas/Detalleconcesionesfinalizadas.aspx?item=176,Pública,16,punilla,"coihueco,san fabian",600 hm3,"UF 9.410.000 (MM USD 385,1)","La inversión en MM USD se calcula en base a la Unidad de Fomento (UF) promedio de 2017 (CLP 26.571,93) y el Dólar Promedio 2017 (CLP 649,33)",30 de marzo de 2015,17 de diciembre de 2015,14 de enero de 2016,Decreto N° 152  del 21 de marzo de 2016,Sociedad Concesionaria Aguas de Punilla S.A.,22 de junio de 2016,"Plazo fijo, 45 años (540 meses). Contrato finalizado de manera anticipada el 9 de octubre de 2021",No Asignado,No Asignado,Concesión Embalse La Punilla ,9410000.0,385.1
177,3-operacion,https://concesiones.mop.gob.cl/proyectos/Paginas/detalleExplotacion.aspx?item=177,Pública,10,llanquihue,puerto montt,16.586 m2,"UF 810.000 (MM USD 33,2)","La inversión en MM USD se calcula en base a la Unidad de Fomento (UF) promedio de 2017 (CLP 26.571,93) y el Dólar Promedio 2017 (CLP 649,33)",25 de octubre de 2017,26 de enero de 2018,15 de febrero de 2018,Nº 26 de 1 de marzo de 2018 (D.O 3 de abril de 2018),Sociedad Concesionaria Aeropuerto Del Sur S. A.,3 de abril de 2018,Plazo fijo 6 años (72 meses),No Asignado,Juan Carlos Parada Aliste,Cuarta Concesión Aeropuerto El Tepual de Puerto Montt,810000.0,33.2
178,2-construccion,https://concesiones.mop.gob.cl/proyectos/Paginas/detalleHidricas.aspx?item=178,Pública,13,santiago,"la reina,macul,nunoa,penalolen","5,2 km","UF 19.670.000 (MM USD 804,9)","La inversión en MM USD se calcula en base a la Unidad de Fomento (UF) promedio de 2017 (CLP 26.571,93) y el Dólar Promedio 2017 (CLP 649,33)",12 de agosto de 2016,30 de mayo de 2017,28 de julio de 2017,Decreto N° 126 del 15 de noviembre de 2017,Sociedad Concesionaria Américo Vespucio Oriente II S.A.,4 de abril de 2018,"Plazo variable, máximo 45 años (540 meses)",,Antonia Abdo,Concesión Américo Vespucio Oriente Príncipe de Gales - Los Presidentes,19670000.0,804.9
18,3-operacion,https://concesiones.mop.gob.cl/proyectos/Paginas/detalleExplotacion.aspx?item=18,Pública,8,"concepcion,nuble","chillan,chillan viejo,florida,penco,ranquil,tome",89 kms,,"La inversión en MM USD se calcula en base a la Unidad de Fomento (UF) promedio de 2017 (CLP 26.571,93) y el Dólar Promedio 2017 (CLP 649,33)",1 de junio de 1994,15 de noviembre de 1994,30 de diciembre de 1994,D.S. MOP N° 7 del 6 de febrero de 1995,Sociedad Concesionaria Autopista del Itata S.A.,12 de abril de 1995,28 años - Plazo Fijo,No Asignado,Arturo Parada,Ruta del Itata (Concesión Acceso Norte a Concepción),0.0,0.0
180,2-construccion,https://concesiones.mop.gob.cl/proyectos/Paginas/detalleHidricas.aspx?item=180,Pública,"5,6,13","cachapoal,san antonio","las cabras,malloa,peumo,san antonio,san pedro,san vicente de tagua tagua,santo domingo",141 km,UF 13.425.000 (MM USD 549),"La inversión en MM USD se calcula en base a la Unidad de Fomento (UF) promedio de 2017 (CLP 26.571,93) y el Dólar Promedio 2017 (CLP 649,33)",12 de octubre de 2017,31 de mayo de 2019,26 de junio de 2019,Nº 87 del 9 de noviembre de 2019,Sociedad concesionaria Ruta de la Fruta S.A,9 de noviembre de 2019,"Plazo variable, máximo 45 años (540 meses)",,Charles Renere,Segunda Concesión Ruta 66 Camino de La Fruta ,13425000.0,549.0
184,2-construccion,https://concesiones.mop.gob.cl/proyectos/Paginas/detalleHidricas.aspx?item=184,Privada,2,"antofagasta,el loa","calama,sierra gorda",136 kms,UF 7.330.000 (MM USD 300),"La inversión en MM USD se calcula en base a la Unidad de Fomento (UF) promedio de 2017 (CLP 26.571,93) y el Dólar Promedio 2017 (CLP 649,33)",7 abril 2017,19 de octubre de 2017,16 de noviembre de 2017,N° 149 del 10 de abril de 2018,Ruta del Loa Sociedad Concesionaria S.A.,10 de abril de 2018,"Plazo variable, máximo 40 años (480 meses)",,Juan Pablo Ubeda Rojas,Segunda Concesión Rutas del Loa,7330000.0,300.0
185,2-construccion,https://concesiones.mop.gob.cl/proyectos/Paginas/detalleHidricas.aspx?item=185,Privada,13,santiago,"maipu,pudahuel",9 km,"UF 6.100.000 (MM USD 249,6)","La inversión en MM USD se calcula en base a la Unidad de Fomento (UF) promedio de 2017 (CLP 26.571,93) y el Dólar Promedio 2017 (CLP 649,33)",12 de septiembre de 2017,11 de enero de 2018,1 de febrero de 2018,Decreto Supremo del 5 de marzo de 2018 (Publicación Diario Oficial 21 de abril de 2018),Sociedad Concesionaria Concesión Conexión Vial Ruta 78-68 S.A.,21 de abril de 2018,"Plazo variable, máximo 45 años (540 meses)",,Marco González,Concesión Conexión Vial Ruta 78 hasta Ruta 68,6100000.0,249.6
187,4-construccion y operacion,https://concesiones.mop.gob.cl/proyectos/Paginas/detalleConstruccion.aspx?item=187,Pública,4,"choapa,elqui,limari","canela,coquimbo,la serena,los vilos,ovalle","244,5 km tramo interurbano y 16 km tramo urbano",UF 12.155.000,"La inversión en MM USD se calcula en base a la Unidad de Fomento (UF) promedio de 2017 (CLP 26.571,93) y el Dólar Promedio 2017 (CLP 649,33)",12 de mayo de 2018,30 de noviembre de 2018,26 de diciembre de 2018,Decreto Nº 47 del 30 de abril de 2019 (DO 28.10.19),Sociedad Concesionaria Ruta del Elqui S.A.,28 de octubre de 2019,"Plazo variable, máximo 30 años (360 meses)",,Jaime Yáñez Urzúa (construcción) / Max Schrader Bravo (operaciones),Segunda Concesión Ruta 5 Tramo Los Vilos - La Serena + Conurbación,12155000.0,0.0
187,4-construccion y operacion,https://concesiones.mop.gob.cl/proyectos/Paginas/detalleConstruccion.aspx?item=187,Pública,4,"choapa,elqui,limari","canela,coquimbo,la serena,los vilos,ovalle","244,5 km tramo interurbano y 16 km tramo urbano",UF 12.155.000,"La inversión en MM USD se calcula en base a la Unidad de Fomento (UF) promedio de 2017 (CLP 26.571,93) y el Dólar Promedio 2017 (CLP 649,33)",12 de mayo de 2018,30 de noviembre de 2018,26 de diciembre de 2018,Decreto Nº 47 del 30 de abril de 2019 (DO 28.10.19),Sociedad Concesionaria Ruta del Elqui S.A.,28 de octubre de 2019,"Plazo variable, máximo 30 años (360 meses)",,Jaime Yáñez Urzúa (construcción) / Max Schrader Bravo (operaciones),Segunda Concesión Ruta 5 Tramo Los Vilos - La Serena + Conurbación,12155000.0,0.0
187,4-construccion y operacion,https://concesiones.mop.gob.cl/proyectos/Paginas/detalleConstruccion.aspx?item=187,Pública,4,"choapa,elqui,limari","canela,coquimbo,la serena,los vilos,ovalle","244,5 km tramo interurbano y 16 km tramo urbano",UF 12.155.000,"La inversión en MM USD se calcula en base a la Unidad de Fomento (UF) promedio de 2017 (CLP 26.571,93) y el Dólar Promedio 2017 (CLP 649,33)",12 de mayo de 2018,30 de noviembre de 2018,26 de diciembre de 2018,Decreto Nº 47 del 30 de abril de 2019 (DO 28.10.19),Sociedad Concesionaria Ruta del Elqui S.A.,28 de octubre de 2019,"Plazo variable, máximo 30 años (360 meses)",,Jaime Yáñez Urzúa (construcción) / Max Schrader Bravo (operaciones),Segunda Concesión Ruta 5 Tramo Los Vilos - La Serena + Conurbación,12155000.0,0.0
19,5-finalizada,https://concesiones.mop.gob.cl/proyectos/Paginas/Detalleconcesionesfinalizadas.aspx?item=19,Privada,13,santiago,pudahuel,,"UF 349.331 / MM USD14,3",,27 de julio de 1995,12 de septiembre de 1995,27 de octubre de 1995,D.S. MOP N°20 del 12 de enero de 1996,Sociedad Concesionaria Aerovías S.A.,4 de abril de 1996,"12,5 años",No Asignado,No Asignado,Primera Concesión Acceso Vial Aeropuerto Arturo Merino Benítez,349331.0,0.0
191,5-finalizada,https://concesiones.mop.gob.cl/proyectos/Paginas/Detalleconcesionesfinalizadas.aspx?item=191,Privada,13,santiago,lo barnechea,"31,4 km","UF 2.308.000 (MM USD 94,4)","La inversión en MM USD se calcula en base a la Unidad de Fomento (UF) promedio de 2017 (CLP 26.571,93) y el Dólar Promedio 2017 (CLP 649,33)",5 de abril de 2018,25 de octubre de 2018,16 de noviembre de 2018,Decreto N° 19 del 19 de febrero de 2019,Sociedad Concesionaria Ruta G 21 S.A.,2 de abril de 2019,"Plazo variable, máximo 45 años (540 meses)",No Asignado,No Asignado,Concesión Mejoramiento Ruta G-21,2308000.0,94.4
192,2-construccion,https://concesiones.mop.gob.cl/proyectos/Paginas/detalleHidricas.aspx?item=192,Pública,5,petorca,petorca,136 kms,"UF 3.880.000 (MM USD 158,8)","La inversión en MM USD se calcula en base a la Unidad de Fomento (UF) promedio de 2017 (CLP 26.571,93) y el Dólar Promedio 2017 (CLP 649,33)",28 de julio de 2017,20 de diciembre de 2017,18 de enero de 2018,N° 34 del 6 de marzo de 2018 (Publicado en el Diario Oficial 4 de mayo de 2018),Sociedad Concesionaria CHEC Embalse Las Palmas S.A.,4 de mayo de 2018,plazo fijo 19 años (228 meses),,Víctor Raymondi Eldan,Concesión Embalse Las Palmas,3880000.0,158.8
197,4-construccion y operacion,https://concesiones.mop.gob.cl/proyectos/Paginas/detalleConstruccion.aspx?item=197,Pública,15,arica,arica,11.600 m2 (aproximadamente),"UF 2.031.000  (MM USD 83,1)","La inversión en MM USD se calcula en base a la Unidad de Fomento (UF) promedio de 2017 (CLP 26.571,93) y el Dólar Promedio 2017 (CLP 649,33)",21 de septiembre de 2018,21 de diciembre de 2018,16 de enero 2019,Nº 11 del 4 de febrero de 2019 (publicado en el Diario Oficial el 20 de marzo de 2019),Sociedad Concesionaria Aeropuerto de Arica S.A.,20 de marzo de 2019,Plazo fijo 15 años,,Fernanda Ardiles,Segunda Concesión Aeropuerto Chacalluta de Arica,2031000.0,83.1
197,4-construccion y operacion,https://concesiones.mop.gob.cl/proyectos/Paginas/detalleConstruccion.aspx?item=197,Pública,15,arica,arica,11.600 m2 (aproximadamente),"UF 2.031.000  (MM USD 83,1)","La inversión en MM USD se calcula en base a la Unidad de Fomento (UF) promedio de 2017 (CLP 26.571,93) y el Dólar Promedio 2017 (CLP 649,33)",21 de septiembre de 2018,21 de diciembre de 2018,16 de enero 2019,Nº 11 del 4 de febrero de 2019 (publicado en el Diario Oficial el 20 de marzo de 2019),Sociedad Concesionaria Aeropuerto de Arica S.A.,20 de marzo de 2019,Plazo fijo 15 años,,Fernanda Ardiles,Segunda Concesión Aeropuerto Chacalluta de Arica,2031000.0,83.1
197,4-construccion y operacion,https://concesiones.mop.gob.cl/proyectos/Paginas/detalleConstruccion.aspx?item=197,Pública,15,arica,arica,11.600 m2 (aproximadamente),"UF 2.031.000  (MM USD 83,1)","La inversión en MM USD se calcula en base a la Unidad de Fomento (UF) promedio de 2017 (CLP 26.571,93) y el Dólar Promedio 2017 (CLP 649,33)",21 de septiembre de 2018,21 de diciembre de 2018,16 de enero 2019,Nº 11 del 4 de febrero de 2019 (publicado en el Diario Oficial el 20 de marzo de 2019),Sociedad Concesionaria Aeropuerto de Arica S.A.,20 de marzo de 2019,Plazo fijo 15 años,,Fernanda Ardiles,Segunda Concesión Aeropuerto Chacalluta de Arica,2031000.0,83.1
20,5-finalizada,https://concesiones.mop.gob.cl/proyectos/Paginas/Detalleconcesionesfinalizadas.aspx?item=20,Pública,"5,13","melipilla,san antonio,santiago,talagante","cartagena,cerrillos,el monte,maipu,melipilla,padre hurtado,pedro aguirre cerda,penaflor,san antonio,santiago,talagante","131,4 km",,"La inversión en MM USD se calcula en base a la Unidad de Fomento (UF) promedio de 2017 (CLP 26.571,93) y el Dólar Promedio 2017 (CLP 649,33)",23 de diciembre de 1994,12 de abril de 1995,31 de mayo de 1995,D.S. MOP N°322 del 16 de junio de 1995,Sociedad Concesionaria Autopista del Sol S.A.,21 de septiembre de 1995,314 meses según DS322 de 1995. Esta concesión finalizó el 21 de marzo de 2022,No Asignado,No Asignado,"Primera Concesión Autopista Santiago - San Antonio, Ruta 78",0.0,0.0
200,4-construccion y operacion,https://concesiones.mop.gob.cl/proyectos/Paginas/detalleConstruccion.aspx?item=200,Pública,"7,16","diguillin,linares,punilla,talca","chillan,chillan viejo,linares,longavi,maule,niquen,parral,pelarco,retiro,rio claro,san carlos,san javier,san nicolas,san rafael,talca,villa alegre,yerbas buenas",195 kms,UF 19.180.000 (MM USD 785),"La inversión en MM USD se calcula en base a la Unidad de Fomento (UF) promedio de 2017 (CLP 26.571,93) y el Dólar Promedio 2017 (CLP 649,33)",19 de octubre de 2019,30 de octubre de 2020,27 de noviembre de 2020,N° 5 del 13 de marzo de 2021,Sociedad Concesionaria Survías Maule-Ñuble S.A.,13 de marzo de 2021,"Plazo variable, máximo 32 años (384 meses)",,Ricardo Oyarzo Cárcamo,Segunda Concesión Ruta 5 Tramo Talca - Chillán,19180000.0,785.0
200,4-construccion y operacion,https://concesiones.mop.gob.cl/proyectos/Paginas/detalleConstruccion.aspx?item=200,Pública,"7,16","diguillin,linares,punilla,talca","chillan,chillan viejo,linares,longavi,maule,niquen,parral,pelarco,retiro,rio claro,san carlos,san javier,san nicolas,san rafael,talca,villa alegre,yerbas buenas",195 kms,UF 19.180.000 (MM USD 785),"La inversión en MM USD se calcula en base a la Unidad de Fomento (UF) promedio de 2017 (CLP 26.571,93) y el Dólar Promedio 2017 (CLP 649,33)",19 de octubre de 2019,30 de octubre de 2020,27 de noviembre de 2020,N° 5 del 13 de marzo de 2021,Sociedad Concesionaria Survías Maule-Ñuble S.A.,13 de marzo de 2021,"Plazo variable, máximo 32 años (384 meses)",,Ricardo Oyarzo Cárcamo,Segunda Concesión Ruta 5 Tramo Talca - Chillán,19180000.0,785.0
200,4-construccion y operacion,https://concesiones.mop.gob.cl/proyectos/Paginas/detalleConstruccion.aspx?item=200,Pública,"7,16","diguillin,linares,punilla,talca","chillan,chillan viejo,linares,longavi,maule,niquen,parral,pelarco,retiro,rio claro,san carlos,san javier,san nicolas,san rafael,talca,villa alegre,yerbas buenas",195 kms,UF 19.180.000 (MM USD 785),"La inversión en MM USD se calcula en base a la Unidad de Fomento (UF) promedio de 2017 (CLP 26.571,93) y el Dólar Promedio 2017 (CLP 649,33)",19 de octubre de 2019,30 de octubre de 2020,27 de noviembre de 2020,N° 5 del 13 de marzo de 2021,Sociedad Concesionaria Survías Maule-Ñuble S.A.,13 de marzo de 2021,"Plazo variable, máximo 32 años (384 meses)",,Ricardo Oyarzo Cárcamo,Segunda Concesión Ruta 5 Tramo Talca - Chillán,19180000.0,785.0
202,1-adjudicacion,https://concesiones.mop.gob.cl/proyectos/Paginas/detalle_adjudicacion.aspx?item=202,Privada,9,cautin,"freire,pucon,villarrica",86 Km,MMUSD 608,,2025,,,,,,40 años (preliminar),No Asignado,No Asignado,Rutas del Villarrica,0.0,608.0
203,2-construccion,https://concesiones.mop.gob.cl/proyectos/Paginas/detalleHidricas.aspx?item=203,Pública,13,santiago,pudahuel,10 km,UF 843.000 (MM USD 35),"La inversión en MM USD se calcula en base a la Unidad de Fomento (UF) promedio de 2017 (CLP 26.571,93) y el Dólar Promedio 2017 (CLP 649,33)",19 de mayo de 2021,9 de diciembre de 2022,6 de enero de 2023,N°100 del 16/09/2023,,,"Variable, con máximo establecido en Bases de Licitación",,Andrés Silva,Tercera Concesión Acceso Vial AMB,843000.0,35.0
207,4-construccion y operacion,https://concesiones.mop.gob.cl/proyectos/Paginas/detalleConstruccion.aspx?item=207,Pública,4,elqui,la serena,13.550 m2,UF 1.415.000 (MM USD 59),"La inversión en MM US$, se calcula a la Unidad de Fomento (UF) del 30-06- 2018 (CLP 27.158,7) y el Dólar Observado del 29-06-2018 (CLP 647,95)",27 de noviembre de 2019,29 de enero de 2021,5 de marzo de 2021,N° 79 del 30 de abril de 2021,Consorcio Aeropuerto IV Región,11 de agosto de 2021,"260 meses o VPI &gt;= 0,8 x ITC + 36 meses",,Jaime Yáñez,Tercera Concesión Aeropuerto La Florida de La Serena,1415000.0,59.0
207,4-construccion y operacion,https://concesiones.mop.gob.cl/proyectos/Paginas/detalleConstruccion.aspx?item=207,Pública,4,elqui,la serena,13.550 m2,UF 1.415.000 (MM USD 59),"La inversión en MM US$, se calcula a la Unidad de Fomento (UF) del 30-06- 2018 (CLP 27.158,7) y el Dólar Observado del 29-06-2018 (CLP 647,95)",27 de noviembre de 2019,29 de enero de 2021,5 de marzo de 2021,N° 79 del 30 de abril de 2021,Consorcio Aeropuerto IV Región,11 de agosto de 2021,"260 meses o VPI &gt;= 0,8 x ITC + 36 meses",,Jaime Yáñez,Tercera Concesión Aeropuerto La Florida de La Serena,1415000.0,59.0
207,4-construccion y operacion,https://concesiones.mop.gob.cl/proyectos/Paginas/detalleConstruccion.aspx?item=207,Pública,4,elqui,la serena,13.550 m2,UF 1.415.000 (MM USD 59),"La inversión en MM US$, se calcula a la Unidad de Fomento (UF) del 30-06- 2018 (CLP 27.158,7) y el Dólar Observado del 29-06-2018 (CLP 647,95)",27 de noviembre de 2019,29 de enero de 2021,5 de marzo de 2021,N° 79 del 30 de abril de 2021,Consorcio Aeropuerto IV Región,11 de agosto de 2021,"260 meses o VPI &gt;= 0,8 x ITC + 36 meses",,Jaime Yáñez,Tercera Concesión Aeropuerto La Florida de La Serena,1415000.0,59.0
208,5-finalizada,https://concesiones.mop.gob.cl/proyectos/Paginas/Detalleconcesionesfinalizadas.aspx?item=208,No definido,13,santiago,quinta normal,,MMUSD 25,,1 de junio de 2003,,27 de enero de 2004,D.S. MOP Nº233 de 26 de marzo del 2004,Sociedad Concesionaria Aeropuerto Iquique S.A.,13 de mayo de 2004,286 meses,No Asignado,No Asignado,Estación Intermodal Quinta Normal,0.0,25.0
21,5-finalizada,https://concesiones.mop.gob.cl/proyectos/Paginas/Detalleconcesionesfinalizadas.aspx?item=21,No definido,8,"biobio,concepcion","coihue,concepcion,nacimiento,san pedro de la paz,santa juana",,"UF 1.090.330 / MM USD 44,6",,13 de noviembre de 1993,22 de marzo de 1994,21 de abril de 1994,D.S. MOP N° 133 del 29 de abril de 1994,Camino de la Madera S.A.,24 de junio de 1994,25 años. Convenio de extinción de contrato 13 de julio de 2012,No Asignado,No Asignado,Camino de la Madera,1090330.0,44.6
210,1-adjudicacion,https://concesiones.mop.gob.cl/proyectos/Paginas/detalle_adjudicacion.aspx?item=210,Privada,10,chiloe,"ancud,castro,chonchi,dalcahue",110 km de trazado más 16 km asociados del baipás Castro,UF 15.300.000,,8 de junio de 2021,30 de abril de 2025,28 de mayo de 2025,,,,"Plazo Variable, máximo 45 años (540 quinientos cuarenta meses)",No Asignado,No Asignado,Concesión Ruta 5 Tramo Chacao - Chonchi,15300000.0,0.0
211,4-construccion y operacion,https://concesiones.mop.gob.cl/proyectos/Paginas/detalleConstruccion.aspx?item=211,Pública,"11,12","coyhaique,magallanes","coyhaique,punta arenas",16.014 m2 (Terminal actual Punta Arenas 6.471 m2) y 12.391 m2 (Terminal actual Balmaceda 2.400 m2),"UF 3.965.000 (MM USD 162,2)","La inversión en MM USD se calcula en base a la Unidad de Fomento (UF) promedio de 2017 (CLP 26.571,93) y el Dólar Promedio 2017 (CLP 649,33)",17 de agosto de 2019,20 de noviembre de 2020,22 de diciembre de 2020,N° 8 del 22 de marzo de 2021,Red Aeroportuaria Austral Sociedad Concesionaria S.A.,22 de marzo de 2021,"Plazo variable, máximo 32 años (384 meses)",,Juan Carlos Parada Aliste,Concesión Red Aeroportuaria Austral,3965000.0,162.2
211,4-construccion y operacion,https://concesiones.mop.gob.cl/proyectos/Paginas/detalleConstruccion.aspx?item=211,Pública,"11,12","coyhaique,magallanes","coyhaique,punta arenas",16.014 m2 (Terminal actual Punta Arenas 6.471 m2) y 12.391 m2 (Terminal actual Balmaceda 2.400 m2),"UF 3.965.000 (MM USD 162,2)","La inversión en MM USD se calcula en base a la Unidad de Fomento (UF) promedio de 2017 (CLP 26.571,93) y el Dólar Promedio 2017 (CLP 649,33)",17 de agosto de 2019,20 de noviembre de 2020,22 de diciembre de 2020,N° 8 del 22 de marzo de 2021,Red Aeroportuaria Austral Sociedad Concesionaria S.A.,22 de marzo de 2021,"Plazo variable, máximo 32 años (384 meses)",,Juan Carlos Parada Aliste,Concesión Red Aeroportuaria Austral,3965000.0,162.2
211,4-construccion y operacion,https://concesiones.mop.gob.cl/proyectos/Paginas/detalleConstruccion.aspx?item=211,Pública,"11,12","coyhaique,magallanes","coyhaique,punta arenas",16.014 m2 (Terminal actual Punta Arenas 6.471 m2) y 12.391 m2 (Terminal actual Balmaceda 2.400 m2),"UF 3.965.000 (MM USD 162,2)","La inversión en MM USD se calcula en base a la Unidad de Fomento (UF) promedio de 2017 (CLP 26.571,93) y el Dólar Promedio 2017 (CLP 649,33)",17 de agosto de 2019,20 de noviembre de 2020,22 de diciembre de 2020,N° 8 del 22 de marzo de 2021,Red Aeroportuaria Austral Sociedad Concesionaria S.A.,22 de marzo de 2021,"Plazo variable, máximo 32 años (384 meses)",,Juan Carlos Parada Aliste,Concesión Red Aeroportuaria Austral,3965000.0,162.2
212,2-construccion,https://concesiones.mop.gob.cl/proyectos/Paginas/detalleHidricas.aspx?item=212,Pública,7,"cauquenes,linares,talca","cauquenes,constitucion,parral",368 camas en 3 recintos,"UF 6.634.394 (MM USD 271,5)","La inversión en MM USD se calcula en base a la Unidad de Fomento (UF) promedio de 2017 (CLP 26.571,93) y el Dólar Promedio 2017 (CLP 649,33)",19 de diciembre de 2019,7 de agosto 2020,27 de agosto 2020,N° 147 del 27 de marzo de 2021,Sociedad Concesionaria Red Maule S.A.,27 de marzo de 2021,30 semestres desde la APS (Autorización de Pago de Subsidios),,Rodrigo Morales,Concesión Red Maule,6634394.0,271.5
213,2-construccion,https://concesiones.mop.gob.cl/proyectos/Paginas/detalleHidricas.aspx?item=213,Pública,8,"biobio,concepcion","coronel,lota,nacimiento,santa barbara",Cuatro recintos con 569 camas en total,UF 7.754.848  (MM USD 325),"La inversión en MM US$, se calcula a la Unidad de Fomento (UF) del 30 de junio de 2018 (CLP 27.158,7) y el Dólar Observado del 29 de junio de 2018 (CLP 647,95).",21 de agosto de 2020,14 de mayo de 2021,3 de junio de 2021,N° 193 del 15 de septiembre de 2021,Sociedad Concesionaria Hospitales Red Biobío S.A.,7 de diciembre de 2021,30 semestres desde la APS (Autorización de Pago de Subsidios),,GUSTAVO RIVERA PÉREZ,Concesión Red Biobío,7754848.0,325.0
214,2-construccion,https://concesiones.mop.gob.cl/proyectos/Paginas/detalleHidricas.aspx?item=214,Pública,13,maipo,"buin,paine",1 recinto con 200 camas,UF 2.944.034 (MM USD 120),"La inversión en MM USD se calcula en base a la Unidad de Fomento (UF) promedio de 2017 (CLP 26.571,93) y el Dólar Promedio 2017 (CLP 649,33)",30 de abril de 2020,19 de octubre de 2020,10 de noviembre de 2020,N° 164 del 27 de marzo de 2021,Sociedad Concesionaria Hospital Buin-Paine S.A,27 de marzo de 2021,30 semestres desde la APS (Autorización de Pago de Subsidios),,Gonzalo Sepúlveda,Hospital de Buin-Paine,2944034.0,120.0
216,1-adjudicacion,https://concesiones.mop.gob.cl/proyectos/Paginas/detalle_adjudicacion.aspx?item=216,Privada,"2,3","antofagasta,chanaral,copiapo","antofagasta,caldera,chanaral,copiapo,taltal","466,2 km",MM USD 931 (UF 20.700.000),,30/10/2024,25 de abril de 2025,23 de mayo de 2025,,,,Variable máximo 40 años (preliminar),No Asignado,No Asignado,Ruta 5 Tramo Caldera - Antofagasta,20700000.0,931.0
217,2-construccion,https://concesiones.mop.gob.cl/proyectos/Paginas/detalleHidricas.aspx?item=217,Privada,13,"maipo,melipilla","calera de tango,penaflor,san bernardo",24 km,MM USD 469,,4 de marzo de 2022,31 de octubre de 2023,30 de noviembre de 2023,,,,"Variable, con máximo establecido en Bases de Licitación",,Marco González,Concesión Orbital Sur Santiago ,0.0,469.0
218,4-construccion y operacion,https://concesiones.mop.gob.cl/proyectos/Paginas/detalleConstruccion.aspx?item=218,Pública,"5,13","melipilla,san antonio,santiago,talagante","cartagena,cerrillos,el monte,estacion central,maipu,melipilla,padre hurtado,pedro aguirre cerda,penaflor,san antonio,santiago,santo domingo,talagante","132,8 km",UF 21.287.000 (MM USD 892),"Valor de referencia La inversión en MM US$, se calcula a la Unidad de Fomento (UF) del 30-06- 2018 (CLP 27.158,7) y el Dólar Observado del 29-06-2018 (CLP 647,95).",6 de marzo de 2021,29 de octubre de 2021,26 de noviembre de 2021,N° 10 del 13 de enero de 2022,Sociedad Concesionaria San Antonio - Santiago S.A.,22 de marzo de 2022,32 años máximo (plazo variable),,Nicole Albornoz,"Segunda Concesión Autopista Santiago - San Antonio, Ruta 78",21287000.0,892.0
218,4-construccion y operacion,https://concesiones.mop.gob.cl/proyectos/Paginas/detalleConstruccion.aspx?item=218,Pública,"5,13","melipilla,san antonio,santiago,talagante","cartagena,cerrillos,el monte,estacion central,maipu,melipilla,padre hurtado,pedro aguirre cerda,penaflor,san antonio,santiago,santo domingo,talagante","132,8 km",UF 21.287.000 (MM USD 892),"Valor de referencia La inversión en MM US$, se calcula a la Unidad de Fomento (UF) del 30-06- 2018 (CLP 27.158,7) y el Dólar Observado del 29-06-2018 (CLP 647,95).",6 de marzo de 2021,29 de octubre de 2021,26 de noviembre de 2021,N° 10 del 13 de enero de 2022,Sociedad Concesionaria San Antonio - Santiago S.A.,22 de marzo de 2022,32 años máximo (plazo variable),,Nicole Albornoz,"Segunda Concesión Autopista Santiago - San Antonio, Ruta 78",21287000.0,892.0
218,4-construccion y operacion,https://concesiones.mop.gob.cl/proyectos/Paginas/detalleConstruccion.aspx?item=218,Pública,"5,13","melipilla,san antonio,santiago,talagante","cartagena,cerrillos,el monte,estacion central,maipu,melipilla,padre hurtado,pedro aguirre cerda,penaflor,san antonio,santiago,santo domingo,talagante","132,8 km",UF 21.287.000 (MM USD 892),"Valor de referencia La inversión en MM US$, se calcula a la Unidad de Fomento (UF) del 30-06- 2018 (CLP 27.158,7) y el Dólar Observado del 29-06-2018 (CLP 647,95).",6 de marzo de 2021,29 de octubre de 2021,26 de noviembre de 2021,N° 10 del 13 de enero de 2022,Sociedad Concesionaria San Antonio - Santiago S.A.,22 de marzo de 2022,32 años máximo (plazo variable),,Nicole Albornoz,"Segunda Concesión Autopista Santiago - San Antonio, Ruta 78",21287000.0,892.0
219,2-construccion,https://concesiones.mop.gob.cl/proyectos/Paginas/detalleHidricas.aspx?item=219,Pública,4,coquimbo,coquimbo,Un recinto con 605 camas,UF 6.528.211 (MM USD 274),"La inversión en MM US$, se calcula a la Unidad de Fomento (UF) del 30-06- 2018 (CLP 27.158,7) y el Dólar Observado del 29-06-2018 (CLP 647,95)",22 de mayo de 2021,10 de enero de 2022,31 de enero de 2022,N° 98 del 2 de mayo de 2022,,,30 semestres desde la APS (Autorización de Pago de Subsidios),,Juan Carlos garcía Arango,Concesión Hospital de Coquimbo,6528211.0,274.0
22,5-finalizada,https://concesiones.mop.gob.cl/proyectos/Paginas/Detalleconcesionesfinalizadas.aspx?item=22,No definido,5,"quillota,valparaiso","nogales,puchuncavi,quintero",,UF 298.000,,27 de febrero de 1995,1 de junio de 1995,4 de julio de 1995,D.S. MOP N° 387 del 28 de julio de 1995,Camino Nogales-Puchuncaví S.A.,8 de noviembre de 1995,22 años (Variable),No Asignado,No Asignado,Primera Concesión Camino Nogales - Puchuncaví,298000.0,0.0
220,2-construccion,https://concesiones.mop.gob.cl/proyectos/Paginas/detalleHidricas.aspx?item=220,Pública,"10,14","llanquihue,ranco,valdivia","la union,los lagos,puerto varas,rio bueno",Cuatro recintos con 495 camas en total,UF 7.092.812 (MM USD 297),"La inversión en MM US$, se calcula a la Unidad de Fomento (UF) del 30-06- 2018 (CLP 27.158,7) y el Dólar Observado del 29-06-2018 (CLP 647,95).",12 de diciembre de 2020,13 de septiembre de 2021,4 de octubre de 2021,N° 9 del 13 de enero de 2022,Constructora y Edificadora GIA+A SA,11 de marzo de 2022,30 semestres desde la APS (Autorización de Pago de Subsidios),,Jorge Lira,Concesión Red Los Ríos - Los Lagos,7092812.0,297.0
221,2-construccion,https://concesiones.mop.gob.cl/proyectos/Paginas/detalleHidricas.aspx?item=221,Pública,4,coquimbo,la serena,Un recinto con 668 camas,UF 6.146.350 (MM USD 258),"La inversión en MM US$, se calcula a la Unidad de Fomento (UF) del 30-06- 2018 (CLP 27.158,7) y el Dólar Observado del 29-06-2018 (CLP 647,95)",27 de marzo de 2021,15 de octubre de 2021,5 de noviembre de 2021,N° 2 del 5 de enero de 2022,Sociedad Concesionaria Hospital La Serena S.A.,17 de febrero del 2022,19 años aproximadamente,,Juan Andrés Vásquez,Concesión Hospital de La Serena ,6146350.0,258.0
222,1-adjudicacion,https://concesiones.mop.gob.cl/proyectos/Paginas/detalle_adjudicacion.aspx?item=222,Pública,9,cautin,freire,22.276 m2,UF 3.070.000 (MM USD 138),,3 de noviembre de 2023,22 de noviembre de 2024,20 de diciembre de 2024,,,,Plazo Variable (26 años plazo máximo),No Asignado,No Asignado,Segunda Concesión Aeropuerto de la Región de la Araucanía,3070000.0,138.0
223,2-construccion,https://concesiones.mop.gob.cl/proyectos/Paginas/detalleHidricas.aspx?item=223,Pública,13,santiago,independencia,Un recinto con 249 camas,"UF 4.704.824 (MM USD 184,3)","La inversión en MM US$, se calcula a la Unidad de Fomento (UF) del 30-06-2018 (CLP 27.158,7) y el Dólar Observado del 29-06-2018 (CLP 647,95).",21 de octubre de 2021,7 de julio de 2022,27 de julio de 2022,N° 184 del 27 de octubre de 2022 (publicado en el Diario el 22 de febrero de 2023),,,19 años,,Miguel Ángel Gallardo Aravena,Concesión Instituto Nacional del Cáncer,4704824.0,184.3
224,2-construccion,https://concesiones.mop.gob.cl/proyectos/Paginas/detalleHidricas.aspx?item=224,Pública,6,"cachapoal,cardenal caro","pichilemu,rengo",Dos recintos con 262 camas en total,"UF 4.538.569 (MM USD 177,8)",,28 de octubre de 2021,25 de agosto de 2023,15 de septiembre de 2023,22 de marzo de 2024 (Publicación Diario Oficial),,,30 semestres de la Autorización de Pagos de Subsidios (APS),,Victor Raymondi,Concesión Red O´Higgins,4538569.0,177.8
225,1-adjudicacion,https://concesiones.mop.gob.cl/proyectos/Paginas/detalle_adjudicacion.aspx?item=225,Privada,17,territorio nacional,territorio nacional,,MM USD 94,,2024,,,,,,20 años,No Asignado,No Asignado,Sistema Alerta de Tsunami,0.0,94.0
227,1-adjudicacion,https://concesiones.mop.gob.cl/proyectos/Paginas/detalle_adjudicacion.aspx?item=227,Pública,"9,14","cautin,ranco,valdivia","gorbea,la union,lanco,loncoche,los lagos,mafil,mariquina,paillaco,rio bueno.","181,75 km",UF 19.330.000 (MM USD 878),,28 de diciembre de 2023,24 de enero de 2025,7 de marzo de 2025,,,,,No Asignado,No Asignado,Segunda Concesión Ruta 5 Tramo Temuco - Río Bueno,19330000.0,878.0
228,4-construccion y operacion,https://concesiones.mop.gob.cl/proyectos/Paginas/detalleConstruccion.aspx?item=228,Pública,"8,9,16","biobio,diguillin,malleco","bulnes,cabrero,chillan viejo,collipulli,ercilla,los angeles,mulchen,pemuco",169 km,14.215.000 (MM USD 596),"La inversión en MM US$, se calcula a la Unidad de Fomento (UF) del 30-06- 2018 (CLP 27.158,7) y el Dólar Observado del 29-06-2018 (CLP 647,95)",29 de octubre de 2021,23 de septiembre de 2022,21 de octubre de 2022,Nº 214 del 4 de diciembre de 2022 (publicado en el Diario Oficial el 11 de febrero de 2023),,,Plazo variable máximo de 30 años,,Lester Poblete (construcción) / Arturo Parada Valenzuela (operaciones),Segunda Concesión Ruta 5 Tramo Chillán - Collipulli,0.0,596.0
228,4-construccion y operacion,https://concesiones.mop.gob.cl/proyectos/Paginas/detalleConstruccion.aspx?item=228,Pública,"8,9,16","biobio,diguillin,malleco","bulnes,cabrero,chillan viejo,collipulli,ercilla,los angeles,mulchen,pemuco",169 km,14.215.000 (MM USD 596),"La inversión en MM US$, se calcula a la Unidad de Fomento (UF) del 30-06- 2018 (CLP 27.158,7) y el Dólar Observado del 29-06-2018 (CLP 647,95)",29 de octubre de 2021,23 de septiembre de 2022,21 de octubre de 2022,Nº 214 del 4 de diciembre de 2022 (publicado en el Diario Oficial el 11 de febrero de 2023),,,Plazo variable máximo de 30 años,,Lester Poblete (construcción) / Arturo Parada Valenzuela (operaciones),Segunda Concesión Ruta 5 Tramo Chillán - Collipulli,0.0,596.0
228,4-construccion y operacion,https://concesiones.mop.gob.cl/proyectos/Paginas/detalleConstruccion.aspx?item=228,Pública,"8,9,16","biobio,diguillin,malleco","bulnes,cabrero,chillan viejo,collipulli,ercilla,los angeles,mulchen,pemuco",169 km,14.215.000 (MM USD 596),"La inversión en MM US$, se calcula a la Unidad de Fomento (UF) del 30-06- 2018 (CLP 27.158,7) y el Dólar Observado del 29-06-2018 (CLP 647,95)",29 de octubre de 2021,23 de septiembre de 2022,21 de octubre de 2022,Nº 214 del 4 de diciembre de 2022 (publicado en el Diario Oficial el 11 de febrero de 2023),,,Plazo variable máximo de 30 años,,Lester Poblete (construcción) / Arturo Parada Valenzuela (operaciones),Segunda Concesión Ruta 5 Tramo Chillán - Collipulli,0.0,596.0
23,3-operacion,https://concesiones.mop.gob.cl/proyectos/Paginas/detalleExplotacion.aspx?item=23,Privada,"5,13","chacabuco,los andes,santiago","calle larga,colina,huechuraba,los andes,quilicura,rinconada",116 kms,,"La inversión en MM USD se calcula en base a la Unidad de Fomento (UF) promedio de 2017 (CLP 26.571,93) y el Dólar Promedio 2017 (CLP 649,33)",19 de junio de 1996,4 de octubre de 1996,25 de octubre de 1996,D.S. MOP N° 1076 del 19 de diciembre de 1996,Autopista los Libertadores S.A.,8 de octubre de 1997,341 meses - Plazo Fijo,No Asignado,Max Schrader,Concesión Ruta 57 Santiago - Colina - Los Andes,0.0,0.0
230,3-operacion,https://concesiones.mop.gob.cl/proyectos/Paginas/detalleExplotacion.aspx?item=230,Pública,2,el loa,calama,"7,8 hectáreas (superficie total del área concesionada)",UF 2.650.000,"La inversión en MM USD se calcula en base a la Unidad de Fomento (UF) promedio de 2017 (CLP 26.571,93) y el Dólar Promedio 2017 (CLP 649,33)",23 de agosto de 2021,14 de abril de 2023,12 de mayo de 2023,,,,15 años (en estudio),No Asignado,Óscar Guzmán,Tercera Concesión Aeropuerto El Loa de Calama,2650000.0,0.0
232,2-construccion,https://concesiones.mop.gob.cl/proyectos/Paginas/detalleHidricas.aspx?item=232,Pública,13,santiago,providencia,Un recinto con 214 camas,UF 3.509.321 (MM USD 147),"La inversión en MM USD se calcula en base a la Unidad de Fomento (UF) promedio de 2017 (CLP 26.571,93) y el Dólar Promedio 2017 (CLP 649,33)",29 de diciembre de 2021,27 de septiembre de 2022,18 de octubre de 2022,N°22 del 24 de mayo de 2023,,,30 semestres de la Autorización de Pagos de Subsidios (APS),,José Alarcón,Concesión Instituto Nacional de Neurocirugía,3509321.0,147.0
233,1-adjudicacion,https://concesiones.mop.gob.cl/proyectos/Paginas/detalle_adjudicacion.aspx?item=233,Pública,8,"biobio,concepcion","coronel,san pedro de la paz",20 km,UF 9.145.000 (MM USD 416),,21 de diciembre de 2023,28 de marzo de 2025,25 de abril de 2025,,,,Variable con máximo de 40 años (preliminar),No Asignado,No Asignado,Ruta Pie de Monte,9145000.0,416.0
234,1-adjudicacion,https://concesiones.mop.gob.cl/proyectos/Paginas/detalle_adjudicacion.aspx?item=234,Pública,"5,13","marga marga,melipilla,santiago,valparaiso","casablanca,curacavi,lo prado,maipu,pudahuel,quilpue,valparaiso,villa alemana,vina del mar","140,7 km",UF 35.970.000,,31 de diciembre de 2021,15 de octubre de 2024,12 de noviembre de 2024,,,,,No Asignado,No Asignado,"Segunda Concesión Interconexión Vial Santiago - Valparaíso - Viña del Mar, Ruta 68",35970000.0,0.0
236,1-adjudicacion,https://concesiones.mop.gob.cl/proyectos/Paginas/detalle_adjudicacion.aspx?item=236,Privada,"1,2","el loa,tamarugal,tocopilla","maria elena,pozo almonte,sierra gorda",353 km,MM USD 720 (UF 15.500.000),,2024,,,,,,Variable máximo 40 años (preliminar),No Asignado,No Asignado,Ruta 5 Tramo Antofagasta - Iquique,15500000.0,720.0
238,1-adjudicacion,https://concesiones.mop.gob.cl/proyectos/Paginas/detalle_adjudicacion.aspx?item=238,Pública,"10,14","chiloe,llanquihue,osorno,valdivia","chiloe,osorno,puerto montt,valdivia",Ampliación de cuatro recintos,MM USD 273,,2024,,,,,,En estudio,No Asignado,No Asignado,"Red Aeroportuaria Sur: Tepual (5ª), Cañal Bajo, Mocopulli y Pichoy",0.0,273.0
24,3-operacion,https://concesiones.mop.gob.cl/proyectos/Paginas/detalleExplotacion.aspx?item=24,Pública,"5,13","marga marga,melipilla,santiago,valparaiso","curacavi casablanca,maipu,pudahuel,quilpue,valparaiso,villa alemana",141 kms,,"La inversión en MM USD se calcula en base a la Unidad de Fomento (UF) promedio de 2017 (CLP 26.571,93) y el Dólar Promedio 2017 (CLP 649,33)",3 de junio de 1996,2 de febrero de 1998,19 de febrero de 1998,D.S. MOP N° 756 del 29 de mayo de 1998,Sociedad Concesionaria Rutas del Pacífico S.A.,10 de agosto de 1999,25 años o VPI&gt;=ITC,No Asignado,Gonzalo Solís,"Concesión Interconexión Vial Santiago - Valparaíso - Viña del Mar, Ruta 68",0.0,0.0
242,1-adjudicacion,https://concesiones.mop.gob.cl/proyectos/Paginas/detalle_adjudicacion.aspx?item=242,Pública,"8,16","concepcion,digullin,itata","chillan,chillan viejo,concepcion,florida,penco,ranquil,tome",96 km,MM USD 564 (UF 12.527.000),,17 de agosto de 2023,13 de septiembre de 2024,11 de octubre de 2024,,,,Máximo 540 meses (plazo variable),No Asignado,No Asignado,Segunda Concesión Ruta del Itata (Acceso Norte a Concepción),12527000.0,564.0
244,1-adjudicacion,https://concesiones.mop.gob.cl/proyectos/Paginas/detalle_adjudicacion.aspx?item=244,Pública,13,santiago,santiago,44.000 M2,MM USD 29,,2025,,,,,,20 años (en estudio),No Asignado,No Asignado,Segunda Concesión Estadio Techado Parque O'Higgins,0.0,29.0
245,1-adjudicacion,https://concesiones.mop.gob.cl/proyectos/Paginas/detalle_adjudicacion.aspx?item=245,Pública,5,valparaiso,valparaiso,,MM USD 78,,2025,,,,,,,No Asignado,No Asignado,Teleférico Valparaíso,0.0,78.0
248,1-adjudicacion,https://concesiones.mop.gob.cl/proyectos/Paginas/detalle_adjudicacion.aspx?item=248,Pública,"5,13","chacabuco,los andes,santiago","calle larga,colina,huechuraba,los andes,quilicura,rinconada,til til","108,7 km",MM USD 900 (UF 19.500.000),,2024,,,,,,variable máximo 30 años,No Asignado,No Asignado,Segunda Concesión Ruta 57 Santiago - Colina - Los Andes,19500000.0,900.0
249,1-adjudicacion,https://concesiones.mop.gob.cl/proyectos/Paginas/detalle_adjudicacion.aspx?item=249,Pública,"4,5,13",,"colina,hijuelas,la calera,la ligua,lampa,llay-llay,los vilos.,nogales,papudo,quilicura,til-til,zapallar","223,4 km",UF 28.288.000,,14 de julio de 2023,18 de julio de 2024,14 de agosto de 2024,,,,"Plazo variable, máximo 30 años",No Asignado,No Asignado,Segunda Concesión Ruta 5 Santiago - Los Vilos,28288000.0,0.0
25,3-operacion,https://concesiones.mop.gob.cl/proyectos/Paginas/detalleExplotacion.aspx?item=25,Pública,5,"san antonio,valparaiso","agarrobo,cartagena,casablanca,el quisco,el tabo,san antonio",77 kms,,"La inversión en MM USD se calcula en base a la Unidad de Fomento (UF) promedio de 2017 (CLP 26.571,93) y el Dólar Promedio 2017 (CLP 649,33)",6 de diciembre de 1999,15 de junio de 2000,30 de junio de 2000,D.S. MOP N° 3590 del 18 de agosto de 2000,Sociedad Concesionaria Litoral Central S.A.,16 de noviembre de 2001,360 meses - Plazo Fijo,No Asignado,Gonzalo Solís,Concesión Red Vial Litoral Central,0.0,0.0
252,1-adjudicacion,https://concesiones.mop.gob.cl/proyectos/Paginas/detalle_adjudicacion.aspx?item=252,Privada,4,elqui,"coquimbo,la serena","13,7 km",MM USD 313,,2025,,,,,,30 años,No Asignado,No Asignado,"Conectividad Coquimbo - La Serena Via Transporte Público
            ",0.0,313.0
253,1-adjudicacion,https://concesiones.mop.gob.cl/proyectos/Paginas/detalle_adjudicacion.aspx?item=253,Pública,9,"cautin,malleco","collipulli,ercilla,freire,gorbea,padre las casas,pitrufquen,temuco,victoria,vilcun",144 km,MM USD 320,,2025,,,,,,En estudio,No Asignado,No Asignado,Segunda Concesión Ruta 5 Tramo Collipulli - Temuco,0.0,320.0
258,1-adjudicacion,https://concesiones.mop.gob.cl/proyectos/Paginas/detalle_adjudicacion.aspx?item=258,Pública,16,punilla,"coihueco,san fabian",540 Hm3,UF 8.810.000 (MM USD 369) corresponde a embalse,,18 de noviembre de 2021,13 de junio de 2025 (Circular Aclaratoria en Trámite),11 de julio de 2025 (Circular Aclaratoria en Trámite),,,,"Plazo fijo, 40 años (480 meses)",No Asignado,No Asignado,Embalse Nueva La Punilla,8810000.0,369.0
26,3-operacion,https://concesiones.mop.gob.cl/proyectos/Paginas/detalleExplotacion.aspx?item=26,Privada,8,concepcion,"concepcion,penco,talcahuano",15 kms,,"La inversión en MM USD se calcula en base a la Unidad de Fomento (UF) promedio de 2017 (CLP 26.571,93) y el Dólar Promedio 2017 (CLP 649,33)",17 de agosto de 2001,6 de diciembre de 2001,27 de diciembre de 2001,D.S. MOP N° 112 del 31 de enero de 2002,Sociedad Concesionaria Autopista Interportuaria S.A.,20 de abril de 2002,Plazo Fijo (378 meses),No Asignado,Javier Ramírez Alarcón,Concesión Ruta Interportuaria Talcahuano - Penco,0.0,0.0
260,1-adjudicacion,https://concesiones.mop.gob.cl/proyectos/Paginas/detalle_adjudicacion.aspx?item=260,No definido,14,valdivia,"mariquina,paillaco,valdivia","87,4 km",MM USD 675,,2024,,,,,,,No Asignado,No Asignado,Accesos a Valdivia,0.0,675.0
261,3-operacion,https://concesiones.mop.gob.cl/proyectos/Paginas/detalleExplotacion.aspx?item=261,Pública,7,talca,talca,63.570 m2,MM USD 63,,13/01/2024,25-07-2024,20-08-2024,Decreto Supremo N° 133 del 26 de septiembre de 2024  (Publicación Diario Oficial 4 de noviembre de 2024,,,"30 (treinta) semestres corridos, contados desde la fecha de la Autorización de Pagos de Subsidios.",No Asignado,,Concesión Nuevo Establecimiento Penitenciario de Talca,0.0,63.0
262,4-construccion y operacion,https://concesiones.mop.gob.cl/proyectos/Paginas/detalleConstruccion.aspx?item=262,Pública,"2,3","antofagasta,copiapo","antofagasta,caldera",48.000 m2 en total,UF 7.012.000 (MM USD 316),,29 de diciembre de 2023,10 de julio de 2024,2 de agosto  de 2024,Decreto Supremo N°136 (publicado en el Diario Oficial el 13 de noviembre de 2024),,,Plazo Variable (26 años plazo máximo),,,Red Aeroportuaria Norte (Andrés Sabella 3ª y Desierto de Atacama 2 ª),7012000.0,316.0
262,4-construccion y operacion,https://concesiones.mop.gob.cl/proyectos/Paginas/detalleConstruccion.aspx?item=262,Pública,"2,3","antofagasta,copiapo","antofagasta,caldera",48.000 m2 en total,UF 7.012.000 (MM USD 316),,29 de diciembre de 2023,10 de julio de 2024,2 de agosto  de 2024,Decreto Supremo N°136 (publicado en el Diario Oficial el 13 de noviembre de 2024),,,Plazo Variable (26 años plazo máximo),,,Red Aeroportuaria Norte (Andrés Sabella 3ª y Desierto de Atacama 2 ª),7012000.0,316.0
262,4-construccion y operacion,https://concesiones.mop.gob.cl/proyectos/Paginas/detalleConstruccion.aspx?item=262,Pública,"2,3","antofagasta,copiapo","antofagasta,caldera",48.000 m2 en total,UF 7.012.000 (MM USD 316),,29 de diciembre de 2023,10 de julio de 2024,2 de agosto  de 2024,Decreto Supremo N°136 (publicado en el Diario Oficial el 13 de noviembre de 2024),,,Plazo Variable (26 años plazo máximo),,,Red Aeroportuaria Norte (Andrés Sabella 3ª y Desierto de Atacama 2 ª),7012000.0,316.0
263,1-adjudicacion,https://concesiones.mop.gob.cl/proyectos/Paginas/detalle_adjudicacion.aspx?item=263,Pública,"5,13","chacabuco,marga marga,quillota,san felipe de aconcagua,santiago,valparaiso","hijuelas,la calera,la cruz,lampa,limache,llaillay,quilicura,quillota,quilpue,quinta normal,renca,santiago.,til til,valparaiso,villa alemana,vina del mar",172 kilómetros,MM USD 3.820,,2025,,,,,,Por definir,No Asignado,No Asignado,Tren Valparaíso - Santiago,0.0,3820.0
264,1-adjudicacion,https://concesiones.mop.gob.cl/proyectos/Paginas/detalle_adjudicacion.aspx?item=264,Pública,3,copiapo,copiapo,76.600 m2,"UF 7.120.300 (MM USD 320,4)",,21/11/2024,27 de mayo de 2025,25 de junio de 2025,,,,20 años de operación una vez finalizada la construcción.,No Asignado,No Asignado,Recinto Penitenciario de Copiapó,7120300.0,320.4
265,1-adjudicacion,https://concesiones.mop.gob.cl/proyectos/Paginas/detalle_adjudicacion.aspx?item=265,Pública,13,"chacabuco,santiago,talagante","lampa,maipu,padre hurtado,penaflor,pudahuel",66 km,MM USD 987,,2025,,,,,,Por definir,No Asignado,No Asignado,Orbital Norponiente de Santiago,0.0,987.0
266,1-adjudicacion,https://concesiones.mop.gob.cl/proyectos/Paginas/detalle_adjudicacion.aspx?item=266,Pública,"10,14","llanquihue,osorno,ranco","frutillar,llanquihue,osorno,puerto montt,puerto varas,purranque,rio bueno,rio negro,san pablo","129,8 km",MM USD 310 (UF 22.200.000 preliminar),,2024,,,,,,Plazo Variable máximo 25 años (preliminar),No Asignado,No Asignado,Segunda Concesión Ruta 5 Tramo Río Bueno - Puerto Montt,22200000.0,310.0
267,1-adjudicacion,https://concesiones.mop.gob.cl/proyectos/Paginas/detalle_adjudicacion.aspx?item=267,Pública,4,elqui,coquimbo,Producción de 1.200 litros/segundos de agua potable,MM USD 286 (en análisis),,2024,,,,,,"Plazo Variable (ITC), máximo 20 años (En análisis)",No Asignado,No Asignado,Planta Desaladora para la Región de Coquimbo,0.0,286.0
268,1-adjudicacion,https://concesiones.mop.gob.cl/proyectos/Paginas/detalle_adjudicacion.aspx?item=268,Pública,8,concepcion,"coronel,san pedro de la paz","14,2 km","UF 4.414.000 (MM USD 198,6)",,19/11/2024,26 de junio de 2025,24 de julio de 2025,,,,,No Asignado,No Asignado,Corredor de Transporte Público Ruta 160,4414000.0,198.6
268,1-adjudicacion,https://concesiones.mop.gob.cl/proyectos/Paginas/detalle_adjudicacion.aspx?item=268,Pública,8,concepcion,"coronel,san pedro de la paz","14,2 km","UF 4.414.000 (MM USD 198,6)",,19/11/2024,26 de junio de 2025,24 de julio de 2025,,,,,No Asignado,No Asignado,Teleférico Alto Hospicio - Iquique,4414000.0,198.6
269,1-adjudicacion,https://concesiones.mop.gob.cl/proyectos/Paginas/detalle_adjudicacion.aspx?item=269,Pública,8,concepcion,"concepcion,hualpen,penco,talcahuano","9,3 km","UF 4.431.000 (MM USD 199,4)",,19/11/2024,27 de junio de 2025,25 de julio de 2025,,,,,No Asignado,No Asignado,Corredores de Transporte Público Ruta 150 y Autopista Concepción-Talcahuano Tramo II,4431000.0,199.4
27,5-finalizada,https://concesiones.mop.gob.cl/proyectos/Paginas/Detalleconcesionesfinalizadas.aspx?item=27,No definido,5,"petorca,quillota","nogales,zapallar",,"UF 1.602.634 / MM USD 65,6",,10 de julio de 1992,29 de diciembre de 1992,12 de febrero de 1993,D.S. MOP N° 112 del 8 de abril de 1993,Túnel El Melón S.A.,13 de septiembre de 1993,23 años,No Asignado,No Asignado,Primera Concesión Túnel El Melón,1602634.0,65.6
270,1-adjudicacion,https://concesiones.mop.gob.cl/proyectos/Paginas/detalle_adjudicacion.aspx?item=270,Pública,5,valparaiso,"concon,quilpue,valparaiso,villa alemana.,vina del mar",34 km,MM USD 815,,2025,,,,,,Por definir,No Asignado,No Asignado,Concesión Periférica de Valparaíso,0.0,815.0
271,1-adjudicacion,https://concesiones.mop.gob.cl/proyectos/Paginas/detalle_adjudicacion.aspx?item=271,Pública,7,"linares,talca","constitucion,san javier,villa alegre",83 km,MM USD 600,,2025,,,,,,,No Asignado,No Asignado,Ruta L-30-M,0.0,600.0
272,1-adjudicacion,https://concesiones.mop.gob.cl/proyectos/Paginas/detalle_adjudicacion.aspx?item=272,Pública,13,santiago,santiago,120.000 m2,MM USD 56,,2025,,,,,,20 años (preliminar),No Asignado,No Asignado,Segunda Concesión Centro de Justicia,0.0,56.0
273,1-adjudicacion,https://concesiones.mop.gob.cl/proyectos/Paginas/detalle_adjudicacion.aspx?item=273,Pública,5,los andes,los andes,60.000 M2,MM USD 56,,2025,,,,,,20 años (preliminar),No Asignado,No Asignado,Segunda Concesión Puerto Terrestre de Los Andes,0.0,56.0
28,3-operacion,https://concesiones.mop.gob.cl/proyectos/Paginas/detalleExplotacion.aspx?item=28,Privada,13,melipilla,melipilla,8 kms,UF 669.100,"La inversión en MM USD se calcula en base a la Unidad de Fomento (UF) promedio de 2017 (CLP 26.571,93) y el Dólar Promedio 2017 (CLP 649,33)",14 de diciembre de 2000,22 de junio de 2001,21 de junio de 2001,D.S. MOP N° 1205 del 17 de agosto de 2001,Sociedad Concesionaria Melipilla S.A.,29 de abril de 2003,360 meses - Plazo Fijo,No Asignado,Gonzalo Solis Pacheco,Concesión Variante Melipilla,669100.0,0.0
29,5-finalizada,https://concesiones.mop.gob.cl/proyectos/Paginas/Detalleconcesionesfinalizadas.aspx?item=29,Pública,"8,9,16","biobio,malleco,nuble","bulnes,cabrero,chillan viejo,collipulli,los angeles,mulchen,pemuco,yumbel",161 kms,,"La inversión en MM USD se calcula en base a la Unidad de Fomento (UF) promedio de 2017 (CLP 26.571,93) y el Dólar Promedio 2017 (CLP 649,33)",5 de noviembre de 1996,4 de marzo de 1997,19 de marzo de 1997,D.S. MOP N° 576 del 30 de junio de 1997,Ruta del Bosque Sociedad Concesionaria S.A.,10 de junio de 1998,Variable (MDI),No Asignado,No Asignado,Primera Concesión Ruta 5 Tramo Chillán - Collipulli,0.0,0.0
3,3-operacion,https://concesiones.mop.gob.cl/proyectos/Paginas/detalleExplotacion.aspx?item=3,Pública,3,"copiapo,huasco","caldera,copiapo,vallenar",227 kms,,"La inversión en MM USD se calcula en base a la Unidad de Fomento (UF) promedio de 2017 (CLP 26.571,93) y el Dólar Promedio 2017 (CLP 649,33)",26 de diciembre de 2007,16 de septiembre de 2008,17 de noviembre de 2008,N° 14 de 8 de enero de 2009,Sociedad Concesionaria Valles del Desierto S.A,4 de marzo de 2009,420 meses o VPI&gt;= ITC,No Asignado,Luis Barrera,Concesión Ruta 5 Tramo Vallenar - Caldera,0.0,0.0
30,3-operacion,https://concesiones.mop.gob.cl/proyectos/Paginas/detalleExplotacion.aspx?item=30,Pública,9,"cautin,malleco","collipulli,ercilla,freire,gorbea,padre de las casas,pitrufquen,temuco,victoria,vilcun",144 kms,,"La inversión en MM USD se calcula en base a la Unidad de Fomento (UF) promedio de 2017 (CLP 26.571,93) y el Dólar Promedio 2017 (CLP 649,33)",4 de octubre de 1997,14 de noviembre de 1997,5 de diciembre de 1997,"433 del 20 de abril de 1998, modificado por 2993 de 30 de septiembre de 1999",Ruta de la Araucanía Sociedad Concesionaria S.A.,17 de marzo de 1999,Variable (MDI),No Asignado,Milton Yáñez Riquelme,Concesión Ruta 5 Tramo Collipulli - Temuco,0.0,0.0
31,5-finalizada,https://concesiones.mop.gob.cl/proyectos/Paginas/Detalleconcesionesfinalizadas.aspx?item=31,Pública,4,"choapa,elqui,limari","canela,coquimbo,los vilos",229 km,,"La inversión en MM USD se calcula en base a la Unidad de Fomento (UF) promedio de 2017 (CLP 26.571,93) y el Dólar Promedio 2017 (CLP 649,33)",5 de noviembre de 1996,23 de diciembre de 1996,31 de diciembre de 1996,N° 164 de 20 de febrero de 1997,Sociedad Concesionaria del Elqui S.A.,16 de diciembre de 1997,25 años (300 meses),No Asignado,No Asignado,Primera Concesión Ruta 5 Tramo Los Vilos - La Serena,0.0,0.0
32,3-operacion,https://concesiones.mop.gob.cl/proyectos/Paginas/detalleExplotacion.aspx?item=32,Pública,"4,5,13","chacabuco,choapa,petorca,quillota,san felipe,santiago","colina,hijuelas,la calera,la ligua,lampa,llay - llay,los vilos,nogales,papudo,quilicura,til- til,zapallar",218 kms,,"La inversión en MM USD se calcula en base a la Unidad de Fomento (UF) promedio de 2017 (CLP 26.571,93) y el Dólar Promedio 2017 (CLP 649,33)",16 de abril de 1996,28 de junio de 1996,17 de julio de 1996,D.S. MOP N° 845 del 14 de octubre de 1996,Sociedad Concesionaria Autopista del Aconcagua S.A,3 de marzo de 1997,287 meses o hasta mar-2023 por CAR Nº 3 de 2014,No Asignado,Raúl Serrano Flores,Concesión Ruta 5 Tramo Santiago - Los Vilos,0.0,0.0
33,5-finalizada,https://concesiones.mop.gob.cl/proyectos/Paginas/Detalleconcesionesfinalizadas.aspx?item=33,Pública,"7,16","linares,nuble,talca","chillan,chillan viejo,linares,longavi,maule,ninquen,parral,retiro,rio claro,san carlos,san javier,san nicolas,san rafael,talca,villa alegre",193 kms,UF 7.818.965,"La inversión en MM USD se calcula en base a la Unidad de Fomento (UF) promedio de 2017 (CLP 26.571,93) y el Dólar Promedio 2017 (CLP 649,33)",13 de noviembre de 1995,11 de diciembre de 1995,27 de diciembre de 1995,D.S. MOP N° 21 del 12 de enero de 1996,Ruta del Maule Sociedad Concesionaria S.A.,13 de marzo de 1996,Variable (MDI). Concesión finalizó el 31 de marzo de 2021,No Asignado,No Asignado,Primera Concesión Ruta 5 Tramo Talca - Chillán,7818965.0,0.0
34,3-operacion,https://concesiones.mop.gob.cl/proyectos/Paginas/detalleExplotacion.aspx?item=34,Pública,"9,14","cautin,ranco,valdivia","gorbea,la union,lanco,loncoche,los lagos,mafil,paillaco,rio bueno,san jose de la mariquina","171,7 kms",,"La inversión en MM USD se calcula en base a la Unidad de Fomento (UF) promedio de 2017 (CLP 26.571,93) y el Dólar Promedio 2017 (CLP 649,33)",6 de marzo de 1997,28 de abril de 1997,12 de mayo de 1997,D.S. MOP N° 758 de 14 de agosto de 1997,Ruta de los Ríos Sociedad Concesionaria S.A.,30 de junio de 1998,25 años (300 meses),No Asignado,Milton Yáñez Riquelme,Concesión Ruta 5 Tramo Temuco - Río Bueno,0.0,0.0
35,3-operacion,https://concesiones.mop.gob.cl/proyectos/Paginas/detalleExplotacion.aspx?item=35,Pública,"10,14","llanquihue,osorno,ranco","frutillar,la union,llanquihue,osorno,puerto montt,puerto varas,purranque,rio bueno,rio negro,san pablo","135,9 kms",,"La inversión en MM USD se calcula en base a la Unidad de Fomento (UF) promedio de 2017 (CLP 26.571,93) y el Dólar Promedio 2017 (CLP 649,33)",12 de junio de 1997,15 de julio de 1997,5 de agosto de 1997,D.S. MOP N° 1112 del 14 de noviembre de 1997,Sociedad Concesionaria de Los Lagos S.A.,20 de septiembre de 1998,"25 años (300 meses), más 120 meses s/Art. 3.2 del C.C. Nº 2",No Asignado,Sebastián Muñoz,Concesión Ruta 5 Tramo Río Bueno - Puerto Montt,0.0,0.0
36,3-operacion,https://concesiones.mop.gob.cl/proyectos/Paginas/detalleExplotacion.aspx?item=36,Pública,"6,7,13","cachapoal,colchagua,cordillera,curico,santiago","buin,curico,la granja,la pintana,paine,puente alto,rancagua,san bernardo,san fernando",266 kms,,"La inversión en MM USD se calcula en base a la Unidad de Fomento (UF) promedio de 2017 (CLP 26.571,93) y el Dólar Promedio 2017 (CLP 649,33)",21 de abril de 1998,27 de abril de 1998,12 de mayo de 1998,D.S. MOP N° 859 del 30 de junio de 1998,Ruta del Maipo Sociedad Concesionaria S.A.,12 de septiembre 1999,Variable (MDI),No Asignado,Héctor Villacura Ocampo,Concesión Ruta 5 Tramo Santiago - Talca y Acceso Sur a Santiago,0.0,0.0
37,3-operacion,https://concesiones.mop.gob.cl/proyectos/Paginas/detalleExplotacion.aspx?item=37,Pública,"3,4","elqui,huasco","la higuera,la serena,vallenar",187 kms,,"La inversión en MM USD se calcula en base a la Unidad de Fomento (UF) promedio de 2017 (CLP 26.571,93) y el Dólar Promedio 2017 (CLP 649,33)",18 de noviembre de 2011,13 de diciembre de 2011,20 de diciembre de 2011,N° 98 de 26 de enero de 2012,Sociedad Concesionaria Ruta del Algarrobo S.A,3 de abril de 2012,420 meses o VPI &gt; = ITC,No Asignado,Luis Barrera Tejada,Concesión Ruta 5 Tramo La Serena - Vallenar,0.0,0.0
38,5-finalizada,https://concesiones.mop.gob.cl/proyectos/Paginas/Detalleconcesionesfinalizadas.aspx?item=38,Pública,2,el loa,calama,9.434 m2,,"La inversión en MM USD se calcula en base a la Unidad de Fomento (UF) promedio de 2017 (CLP 26.571,93) y el Dólar Promedio 2017 (CLP 649,33)",8 de enero de 2010,9 de marzo de 2010,11 de noviembre de 2010,D.S N° 20 del 21 de enero de 2011,Consorcio Aeroportuario de Calama Sociedad Concesionaria,17 de marzo de 2011,180 meses o VPI&gt;=ITC,No Asignado,No Asignado,Segunda Concesión Aeropuerto El Loa de Calama ,0.0,0.0
4,3-operacion,https://concesiones.mop.gob.cl/proyectos/Paginas/detalleExplotacion.aspx?item=4,Privada,10,llanquihue,"calbuco,maullin,puerto montt",55 kms,,"La inversión en MM USD se calcula en base a la Unidad de Fomento (UF) promedio de 2017 (CLP 26.571,93) y el Dólar Promedio 2017 (CLP 649,33)",29 de noviembre de 2008,29 de octubre de 2009,25 de noviembre de 2009,D.S N° 131 del 10 de febrero de 2010,Sociedad Concesionaria Rutas del Canal S.A,4 de mayo de 2010,480 meses o VPI &gt;= ITC,No Asignado,Sebastián Muñoz,Concesión Ruta 5 Tramo Puerto Montt - Pargua,0.0,0.0
41,3-operacion,https://concesiones.mop.gob.cl/proyectos/Paginas/detalleExplotacion.aspx?item=41,Pública,2,antofagasta,antofagasta,7.982 m2,,"La inversión en MM USD se calcula en base a la Unidad de Fomento (UF) promedio de 2017 (CLP 26.571,93) y el Dólar Promedio 2017 (CLP 649,33)",31 de diciembre de 2010,28 de julio de 2011,25 de agosto de 2011,D.S 317 del 14 de octubre de 2011,Sociedad Concesionaria Aeropuerto de Antofagasta S.A,18 de noviembre de 2011,"180 meses o [(VPI = 0,75 * ITC) + 36 meses]",No Asignado,Óscar Guzmán Hurtado,Segunda Concesión Aeropuerto Andrés Sabella (ex Cerro Moreno) de Antofagasta,0.0,0.0
47,3-operacion,https://concesiones.mop.gob.cl/proyectos/Paginas/detalleExplotacion.aspx?item=47,Pública,13,santiago,"huechuraba,la reina,las condes,recoleta,vitacura",9 km,UF 21.900.000 (MM USD 939),"La inversión en MM USD se calcula en base a la Unidad de Fomento (UF) promedio de 2017 (CLP 26.571,93) y el Dólar Promedio 2017 (CLP 649,33)",30 de julio de 2013,6 de enero de 2014,28 de enero de 2014,N° 133 - 31 de enero de 2014,Sociedad Concesionaria Vespucio Oriente S.A,13 de marzo 2014,"Plazo variable, máximo 45 años (540 meses)",No Asignado,Claudio Marcelo Farias Norambuena,Concesión Américo Vespucio Oriente Tramo El Salto - Príncipe de Gales,21900000.0,939.0
48,5-finalizada,https://concesiones.mop.gob.cl/proyectos/Paginas/Detalleconcesionesfinalizadas.aspx?item=48,Privada,2,"antofagasta,el loa","antofagasta,calama,sierra gorda",136 kilómetros,UF 6.560.000,,26 de diciembre de 2011,21 de diciembre de 2012,4 de enero de 2013,DS 249 del 27 de agosto de 2013,Consorcio Vial Anto-Andino,28 de abril de 2014,30 años (la concesión concluyó anticipadamente),No Asignado,No Asignado,Primera Concesión Rutas del Loa,6560000.0,0.0
49,2-construccion,https://concesiones.mop.gob.cl/proyectos/Paginas/detalleHidricas.aspx?item=49,Privada,"8,9","biobio,malleco","angol,los angeles,negrete,renaico",55 km,"UF 6.125.000 (MM USD 250,6)","La inversión en MM USD se calcula en base a la Unidad de Fomento (UF) promedio de 2017 (CLP 26.571,93) y el Dólar Promedio 2017 (CLP 649,33)",16 de noviembre de  2016,17 de agosto de 2017,14 de septiembre de 2017,Decreto Nº 144 del 11 de diciembre de 2017,Sociedad Concesionaria Ruta Nahuelbuta S.A.,10 de abril de 2018,"Plazo variable, máximo 35 años (420 meses)",,Renato Gaete,Concesión Mejoramiento Ruta Nahuelbuta,6125000.0,250.6
5,3-operacion,https://concesiones.mop.gob.cl/proyectos/Paginas/detalleExplotacion.aspx?item=5,Pública,13,santiago,pudahuel,"7,7 km",UF 1.500.000 (MM USD 60),"La inversión en MM USD se calcula en base a la Unidad de Fomento (UF) promedio de 2017 (CLP 26.571,93) y el Dólar Promedio 2017 (CLP 649,33)",5 de enero de 2008,10 de junio de 2008,4 de julio de 2008,N° 495 del 21 de julio de 2008,Sociedad Concesionaria AMB S.A.,12 de septiembre de 2008,"Plazo variable, 40 años (480 meses)",No Asignado,Patricio Serrano,Segunda Concesión Acceso Vial Aeropuerto Arturo Merino Benítez  ,1500000.0,60.0
59,3-operacion,https://concesiones.mop.gob.cl/proyectos/Paginas/detalleExplotacion.aspx?item=59,Pública,5,los andes,los andes,35.640 m2,UF 1.924.500,"La inversión en MM USD se calcula en base a la Unidad de Fomento (UF) promedio de 2017 (CLP 26.571,93) y el Dólar Promedio 2017 (CLP 649,33)",31 de diciembre de 2012,26 de noviembre de 2014,19 de diciembre de 2014,N° 108 - 19 de marzo de 2015,Sociedad Concesionaria Nuevo Complejo Los Libertadores,18 de mayo de 2015,186 meses,No Asignado,Alejandro Gómez,Concesión Complejo Fronterizo Los Libertadores,1924500.0,0.0
6,3-operacion,https://concesiones.mop.gob.cl/proyectos/Paginas/detalleExplotacion.aspx?item=6,Pública,5,"los andes,marga marga,quillota,san felipe,valparaiso","catemu,hijuelas,la calera,la cruz,limache,llay llay,los andes,panquehue,quillota,san esteban,san felipe,santa maria,villa alemana",90 kms,UF 6.680.000,"La inversión en MM USD se calcula en base a la Unidad de Fomento (UF) promedio de 2017 (CLP 26.571,93) y el Dólar Promedio 2017 (CLP 649,33)",7 de septiembre 2001,6 de marzo de 2002,12 de marzo de 2002,Nº 1759 - 22 de octubre de 2002,Sociedad Concesionaria Autopista de Los Andes S.A.,27 de enero de 2003,384 meses desde 22 de julio de 2004 (CC1),No Asignado,Raúl Serrrano,Concesión Camino Internacional Ruta 60 CH,6680000.0,0.0
66,3-operacion,https://concesiones.mop.gob.cl/proyectos/Paginas/detalleExplotacion.aspx?item=66,Privada,1,"iquique,tamarugal","alto hospicio,iquique,pozo almonte",79 kms,,"La inversión en MM USD se calcula en base a la Unidad de Fomento (UF) promedio de 2017 (CLP 26.571,93) y el Dólar Promedio 2017 (CLP 649,33)",8 de enero 2010,29 de diciembre de 2010,19 de enero de 2011,N° 225 del 6 de junio de 2011,Sociedad Concesionaria Rutas del Desierto S.A,3 de septiembre de 2011,384 meses o VPI&gt;=ITC,No Asignado,Bernardo Riveros Donoso,Concesión Alternativas de Acceso a Iquique,0.0,0.0
67,3-operacion,https://concesiones.mop.gob.cl/proyectos/Paginas/detalleExplotacion.aspx?item=67,Privada,8,"biobio,concepcion,nuble","cabrero,concepcion,florida,yumbel,yungay","103,4 kms",UF 8.400.000,"La inversión en MM USD se calcula en base a la Unidad de Fomento (UF) promedio de 2017 (CLP 26.571,93) y el Dólar Promedio 2017 (CLP 649,33)",8 de enero de 2010,27 de diciembre de 2010,17 de enero de 2011,N° 226 del 7 de junio de 2011,Sociedad Concesionaria Valles del Biobío S.A,3 de septiembre de 2011,420 meses o VPI &gt; = ITC,No Asignado,Arturo Parada Valenzuela,Concesión Autopista Concepción - Cabrero ,8400000.0,0.0
69,3-operacion,https://concesiones.mop.gob.cl/proyectos/Paginas/detalleExplotacion.aspx?item=69,Privada,13,santiago,"cerro navia,conchali,huechuraba,maipu,pudahul,quilicura,recoleta,renca",29 kms,,"La inversión en MM USD se calcula en base a la Unidad de Fomento (UF) promedio de 2017 (CLP 26.571,93) y el Dólar Promedio 2017 (CLP 649,33)",29 de junio de 2001,29 de noviembre de 2001,21 de diciembre de 2001,D.S. MOP Nº 493 del 5 de marzo 2002,Sociedad Concesionaria Vespucio Norte Express S.A.,23 de abril de 2003,360 meses - Plazo Fijo,No Asignado,Claudio Luna González,"Concesión Sistema Américo Vespucio Norponiente, Av. El Salto - Ruta 78",0.0,0.0
7,3-operacion,https://concesiones.mop.gob.cl/proyectos/Paginas/detalleExplotacion.aspx?item=7,Pública,8,"arauco,concepcion","arauco,coronel,curanilahue,los alamos,lota",88 kms,,"La inversión en MM USD se calcula en base a la Unidad de Fomento (UF) promedio de 2017 (CLP 26.571,93) y el Dólar Promedio 2017 (CLP 649,33)",5 de enero de 2007,4 de marzo de 2008,4 de abril de 2008,N° 411 - 27 de junio de 2008,Sociedad Concesionaria Autopista Costa Arauco S.A,13 de septiembre de 2008,480 meses o VPI &gt;= ITC,No Asignado,Javier Ramírez Alarcón,Concesión Ruta 160 Tramo Tres Pinos - Acceso Norte a Coronel,0.0,0.0
70,3-operacion,https://concesiones.mop.gob.cl/proyectos/Paginas/detalleExplotacion.aspx?item=70,Privada,13,santiago,"cerrillos,la cisterna,la florida,la granja,lo espejo,macul,maipu,penalolen,san ramon",24 kms,,"La inversión en MM USD se calcula en base a la Unidad de Fomento (UF) promedio de 2017 (CLP 26.571,93) y el Dólar Promedio 2017 (CLP 649,33)",28 de junio de 2001,19 de julio de 2001,24 de julio de 2001,D.S. MOP Nº 1209 del 20 de agosto de 2001,Sociedad Concesionaria Nueva Vespucio Sur S.A,6 de diciembre de 2002,360 meses-Plazo Fijo,No Asignado,Giann Serri,"Concesión Sistema Américo Vespucio Sur, Ruta 78 - Av. Grecia",0.0,0.0
71,3-operacion,https://concesiones.mop.gob.cl/proyectos/Paginas/detalleExplotacion.aspx?item=71,Pública,13,"maipo,santiago","buin,cerrillos,conchali,el bosque,estacion central,independencia,la cisterna,lo espejo,pedro aguirre cerda,quilicura,quinta normal,renca,san bernardo,san miguel,santiago","61,9 kms",,"La inversión en MM USD se calcula en base a la Unidad de Fomento (UF) promedio de 2017 (CLP 26.571,93) y el Dólar Promedio 2017 (CLP 649,33)",17 de noviembre de 1999,31 de julio de 2000,21 de agosto de 2000,D.S. MOP Nº4.153 del 14 septiembre de 2000,Autopista Central S.A,3 de julio de 2001,"30 años, más eventual extensión por DS.380 de 2014y/o DS.150 de 2019",No Asignado,Ingrid Loewe González,Concesión Sistema Norte - Sur (Autopista Central),0.0,0.0
72,3-operacion,https://concesiones.mop.gob.cl/proyectos/Paginas/detalleExplotacion.aspx?item=72,Pública,13,santiago,"independencia,las condes,providencia,recoleta,santiago,vitacura",43 kms,,"La inversión en MM USD se calcula en base a la Unidad de Fomento (UF) promedio de 2017 (CLP 26.571,93) y el Dólar Promedio 2017 (CLP 649,33)",2 de julio de 1999,16 de noviembre de 1999,6 de diciembre de 1999,D.S. MOP N° 375 del 24 de febrero del 2000,Sociedad Concesionaria Costanera Norte S.A.,1 de julio de 2003,"30 años, ampliable a 30 de junio de 2036",No Asignado,Patricio Serrano,Concesión Sistema Oriente - Poniente (Costanera Norte),0.0,0.0
73,3-operacion,https://concesiones.mop.gob.cl/proyectos/Paginas/detalleExplotacion.aspx?item=73,Privada,13,santiago,"huechuraba,las condes,providencia,vitacura",4 kms,,"La inversión en MM USD se calcula en base a la Unidad de Fomento (UF) promedio de 2017 (CLP 26.571,93) y el Dólar Promedio 2017 (CLP 649,33)",14 de abril de 2004,18 de agosto de 2004,9 de septiembre de 2004,D.S. MOP Nº 1129 del 26 de noviembre de 2004,Sociedad Concesionaria Túnel San Cristóbal S.A.,21 de febrero de 2005,390 meses según Res. DGOP N° 1402 de 2006,No Asignado,Claudio Luna González,Concesión Variante Vespucio El Salto - Kennedy (Túnel San Cristóbal),0.0,0.0
74,3-operacion,https://concesiones.mop.gob.cl/proyectos/Paginas/detalleExplotacion.aspx?item=74,Privada,13,"chachabuco,santiago","colina,huechuraba,lampa,vitacura",22 kms,,"La inversión en MM USD se calcula en base a la Unidad de Fomento (UF) promedio de 2017 (CLP 26.571,93) y el Dólar Promedio 2017 (CLP 649,33)",31 de octubre de 2002,7 de agosto de 2003,29 de agosto de 2003,D.S. MOP Nº 1253 de 30 de octubre de 2003,Sociedad Concesionaria Autopista Nororiente S.A.,7 de enero de 2004,480 meses o VPI &gt;=ITC,No Asignado,Max Schrader,Concesión Acceso Nororiente a Santiago,0.0,0.0
75,5-finalizada,https://concesiones.mop.gob.cl/proyectos/Paginas/Detalleconcesionesfinalizadas.aspx?item=75,No definido,13,santiago,pudahuel,,"UF 8.517.883 / MM USD 349,6",,17 de junio de 1997,15 de octubre de 1997,18 de noviembre de 1997,D.S. MOP Nº1168 del 5 de diciembre de 1997,SCL Terminal Aéreo Santiago S.A.,15 de julio de 1998,Plazo Variable,No Asignado,No Asignado,Primera Concesión Aeropuerto Internacional Arturo Merino Benítez ,8517883.0,349.6
76,5-finalizada,https://concesiones.mop.gob.cl/proyectos/Paginas/Detalleconcesionesfinalizadas.aspx?item=76,No definido,4,elqui,la serena,,"UF 123.740 / MMUS$ 5,1",,17 de diciembre de 1996,28 de mayo de 1997,27 de julio de 1997,19 de agosto de 1997,Concesión Aeropuerto La Florida S.A.,18 de enero de 1998,15 años,No Asignado,No Asignado,Primera Concesión Aeropuerto La Florida de La Serena,123740.0,0.0
77,3-operacion,https://concesiones.mop.gob.cl/proyectos/Paginas/detalleExplotacion.aspx?item=77,Pública,3,copiapo,copiapo,3.000 m2,,"La inversión en MM USD se calcula en base a la Unidad de Fomento (UF) promedio de 2017 (CLP 26.571,93) y el Dólar Promedio 2017 (CLP 649,33)",5 de octubre de 2001,30 de abril de 2002,30 de mayo de 2002,D.S. MOP Nº 1186 del 23 de julio de 2002,Sociedad Concesionaria Aeropuerto Regional de Atacama S.A.,3 de octubre de 2002,246 meses,No Asignado,Jorge Muñoz Hermosilla,Concesión Nuevo Aeropuerto Regional de Atacama ,0.0,0.0
78,5-finalizada,https://concesiones.mop.gob.cl/proyectos/Paginas/Detalleconcesionesfinalizadas.aspx?item=78,Pública,12,magallanes,punta arenas,,"UF 324.423 / MMUS$13,3",,29 de julio de 1999,14 de octubre de 1999,23 de noviembre de 1999,D.S. MOP Nº 345 del 8 de febrero de 2000,Austral Sociedad Concesionaria S.A.,23 de diciembre de 2000,9 años,No Asignado,No Asignado,Primera Concesión Aeropuerto Carlos Ibáñez del Campo de Punta Arenas,324423.0,0.0
79,5-finalizada,https://concesiones.mop.gob.cl/proyectos/Paginas/Detalleconcesionesfinalizadas.aspx?item=79,Privada,8,concepcion,talcahuano,,"UF 945.229 / MM USD 38,7",,5 de agosto de 1998,15 de octubre de 1998,10 de noviembre de 1998,D.S. MOP Nº12 del 20 de enero de 1999,Aerosur S.A.,24 de enero de 1999,"16,6 años",No Asignado,No Asignado,Primera concesión Aeropuerto Carriel Sur de Concepción,945229.0,38.7
80,5-finalizada,https://concesiones.mop.gob.cl/proyectos/Paginas/Detalleconcesionesfinalizadas.aspx?item=80,Privada,2,antofagasta,antofagasta,,UF 268.749 / MM USD11,,21 de abril de 1999,15 de julio de 1999,17 de agosto de 1999,D.S. MOP Nº3.308 del 29 de octubre de 1999,Aeropuerto Cerro Moreno S.A.,14 de septiembre de 2000,10 años,No Asignado,No Asignado,Primera Concesión Aeropuerto Cerro Moreno de Antofagasta,268749.0,0.0
81,5-finalizada,https://concesiones.mop.gob.cl/proyectos/Paginas/Detalleconcesionesfinalizadas.aspx?item=81,Privada,2,el loa,calama,,"UF 127.419 / MMUS$ 5,1",,24 de febrero de 1997,24 de julio de 1997,22 de agosto de 1997,D.S. MOP Nº 976 del 14 de octubre de 1997,Aeropuerto El Loa S.A.,12 de junio de 1998,12 años,No Asignado,No Asignado,Primera Concesión Aeropuerto El Loa de Calama,127419.0,0.0
82,5-finalizada,https://concesiones.mop.gob.cl/proyectos/Paginas/Detalleconcesionesfinalizadas.aspx?item=82,Privada,10,llanquihue,puerto montt,,"UF 205.506 / MM USD 8,4",,28 de marzo de 1995,04 de abril de 1995,19 de mayo de 1995,D.S. MOP Nº352/525 del 30 de junio de 1995,Concesión Aeropuerto El Tepual S.A.,19 de febrero de 1996,12 años,No Asignado,No Asignado,Primera Concesión Aeropuerto El Tepual de Puerto Montt,205506.0,8.4
83,5-finalizada,https://concesiones.mop.gob.cl/proyectos/Paginas/Detalleconcesionesfinalizadas.aspx?item=83,No definido,15,arica,arica,5.200 m2,"UF 327.809 / MM USD 19,3","La inversión en MM USD se calcula en base a la Unidad de Fomento (UF) promedio de 2017 (CLP 26.571,93) y el Dólar Promedio 2017 (CLP 649,33)",29/06/2003,13/11/2003,16/12/2003,D.S. MOP Nº89 del 06 de febrero del 2004,Aeropuerto Chacalluta Sociedad Concesionaria S.A.,19/04/2004,15 años,No Asignado,No Asignado,Primera Concesión del Aeropuerto Chacalluta de Arica ,327809.0,19.3
84,3-operacion,https://concesiones.mop.gob.cl/proyectos/Paginas/detalleExplotacion.aspx?item=84,Pública,"1,4,6","cachapoal,elqui,iquique","iquique,la serena,rancagua",7.034 internos,,"La inversión en MM USD se calcula en base a la Unidad de Fomento (UF) promedio de 2017 (CLP 26.571,93) y el Dólar Promedio 2017 (CLP 649,33)",25 de abril de 2001,17 de octubre de 2001,4 de diciembre de 2001,D.S. MOP Nº 618 del 28 de marzo de 2002,Sociedad Concesionaria BAS S.A.,15 de junio de 2002,"40 semestres desde la PSD, o 273 meses a contar del inicio de la concesión.",No Asignado,Jaime Lillo Toro,Concesión Programa Penitenciario Grupo 1 (Iquique-La Serena-Rancagua),0.0,0.0
85,3-operacion,https://concesiones.mop.gob.cl/proyectos/Paginas/detalleExplotacion.aspx?item=85,Pública,"10,13,14","llanquihue,santiago,valdivia","puerto montt,santiago,valdivia",7.490 internos,,"La inversión en MM USD se calcula en base a la Unidad de Fomento (UF) promedio de 2017 (CLP 26.571,93) y el Dólar Promedio 2017 (CLP 649,33)",14 de enero de 2003,18 de diciembre de 2003,30 de diciembre de 2003,D.S. MOP Nº 90 6 de febrero de 2004,Sociedad Concesionaria Infraestructura Penitenciaria Grupo Tres S.A.,2 de abril de 2004,40 semestres corridos desde PSD o 273 meses a contar del inicio de la concesión,No Asignado,Felipe Acuña López,Concesión Programa Penitenciario Grupo 3 (Santiago-Valdivia-Puerto Montt),0.0,0.0
86,3-operacion,https://concesiones.mop.gob.cl/proyectos/Paginas/detalleExplotacion.aspx?item=86,Pública,13,santiago,santiago,44.000 M2,,"La inversión en MM USD se calcula en base a la Unidad de Fomento (UF) promedio de 2017 (CLP 26.571,93) y el Dólar Promedio 2017 (CLP 649,33)",4 de enero de 2004,19 de mayo de 2004,8 de junio de 2004,N° 555 del 9 de julio de 2004,Sociedad Concesionaria Arena Bicentenario S.A,4 de septiembre de 2004,240 meses,No Asignado,Karelia Cruz Valdés,Concesión Estadio Techado Parque O'Higgins,0.0,0.0
87,3-operacion,https://concesiones.mop.gob.cl/proyectos/Paginas/detalleExplotacion.aspx?item=87,Pública,13,santiago,santiago,35.255 m2,,"La inversión en MM USD se calcula en base a la Unidad de Fomento (UF) promedio de 2017 (CLP 26.571,93) y el Dólar Promedio 2017 (CLP 649,33)",5 de octubre de 2003,2 de marzo de 2004,25 de marzo de 2004,D.S. MOP Nº 314 19 de abril de 2004,Sociedad Concesionaria Plaza de la Ciudadanía S.A,19 de mayo de 2004,360 meses,No Asignado,Jorge Roa Fuentes,"Concesión Plaza de la Ciudadanía, Etapa 1",0.0,0.0
88,3-operacion,https://concesiones.mop.gob.cl/proyectos/Paginas/detalleExplotacion.aspx?item=88,Pública,5,los andes,los andes,42.166 M2,,"La inversión en MM USD se calcula en base a la Unidad de Fomento (UF) promedio de 2017 (CLP 26.571,93) y el Dólar Promedio 2017 (CLP 649,33)",11 de marzo de 2004,15 de septiembre de 2004,14 de octubre de 2004,DS MOP Nº 1163 de 30 de noviembre de 2004,Puerto Terrestre de Los Andes Sociedad Concesionaria S.A.,23 de febrero de 2005,240 meses,No Asignado,Alejandro Gómez,Concesión Puerto Terrestre Los Andes,0.0,0.0
89,3-operacion,https://concesiones.mop.gob.cl/proyectos/Paginas/detalleExplotacion.aspx?item=89,Pública,13,santiago,santiago,116 m2,,"La inversión en MM USD se calcula en base a la Unidad de Fomento (UF) promedio de 2017 (CLP 26.571,93) y el Dólar Promedio 2017 (CLP 649,33)",29 de julio de 2003,4 de marzo de 2004,19 de marzo de 2004,D.S. MOP Nº 234 26 de marzo de 2004,Sociedad Concesionaria Centro de Justicia de Santiago S.A.,4 de mayo de 2004,40 semestres corridos desde PSP de Fase I o 273 meses a contar del inicio de la concesión,No Asignado,Jorge Roa Fuentes,Concesión Centro de Justicia de Santiago,0.0,0.0
9,3-operacion,https://concesiones.mop.gob.cl/proyectos/Paginas/detalleExplotacion.aspx?item=9,Privada,2,"antofagasta,el loa","antofagasta,calama,mejillones",201 kms,UF 7.750.000,"La inversión en MM USD se calcula en base a la Unidad de Fomento (UF) promedio de 2017 (CLP 26.571,93) y el Dólar Promedio 2017 (CLP 649,33)",24 de julio de 2009,22 de enero de 2010,26 de enero de 2010,D.S N° 137 del 15 de febrero de 2010,Sociedad Concesionaria Autopistas de Antofagasta S.A,7 de abril de 2010,245 meses,No Asignado,Víctor Véliz Díaz,Concesión Autopista de la Región de Antofagasta,7750000.0,0.0
90,5-finalizada,https://concesiones.mop.gob.cl/proyectos/Paginas/Detalleconcesionesfinalizadas.aspx?item=90,Pública,13,santiago,"cerrillos,estacion central",3 kms,"UF 846.695,54","La inversión en MM USD se calcula en base a la Unidad de Fomento (UF) promedio de 2017 (CLP 26.571,93) y el Dólar Promedio 2017 (CLP 649,33)",25 de septiembre de 2004,28 de enero de 2005,22 de febrero de 2005,Decreto N° 178 de 22 de marzo de 2005,Sociedad Concesionaria Conexión Las Rejas S.A.,02 de junio de 2005,56 trimestres (plazo variable). Concesión finalizó el 30 de noviembre de 2020,No Asignado,No Asignado,Concesión Conexión Vial Suiza - Las Rejas,846695.0,0.0
91,5-finalizada,https://concesiones.mop.gob.cl/proyectos/Paginas/Detalleconcesionesfinalizadas.aspx?item=91,Pública,13,santiago,"conchali,estacion central,independencia,la florida,la granja,la reina,las condes,lo prado,macul,maipu,nunoa,penalolen,providencia,pudahuel,puente alto,quinta normal,recoleta,renca,san joaquin,san miguel,san ramon,santiago",42.166 m2,UF 989.500,"La inversión en MM USD se calcula en base a la Unidad de Fomento (UF) promedio de 2017 (CLP 26.571,93) y el Dólar Promedio 2017 (CLP 649,33)",18 de junio  de 2005,9 de diciembre de 2005,5 de enero de 2006,DS MOP N° 54 del 26 de enero de 2006,Sociedad Concesionaria Concesiones Urbanas S.A,13 de abril de 2006,180 meses,No Asignado,No Asignado,Concesión Estaciones de Transbordo para Transporte Público,989500.0,0.0
92,3-operacion,https://concesiones.mop.gob.cl/proyectos/Paginas/detalleExplotacion.aspx?item=92,Pública,13,santiago,la cisterna,56.390 m2,,"La inversión en MM USD se calcula en base a la Unidad de Fomento (UF) promedio de 2017 (CLP 26.571,93) y el Dólar Promedio 2017 (CLP 649,33)",1 de junio de 2003,31 de diciembre de 2003,29 de enero de 2004,D.S. MOP Nº 235 del 26 de marzo de 2004,Sociedad Concesionaria Intermodal La Cisterna S.A.,31 de mayo de 2004,261 meses o 240 meses desde PSD,No Asignado,Nicolás Petersen,Concesión Estación de Intercambio Modal La Cisterna,0.0,0.0
93,5-finalizada,https://concesiones.mop.gob.cl/proyectos/Paginas/Detalleconcesionesfinalizadas.aspx?item=93,Pública,13,santiago,"la granja,san joaquin,san miguel,san ramon,santiago","14,68 km","UF 3.111.969,25","La inversión en MM USD se calcula en base a la Unidad de Fomento (UF) promedio de 2017 (CLP 26.571,93) y el Dólar Promedio 2017 (CLP 649,33)",25 de junio de 2005,30 de noviembre de 2005,22 de diciembre de 2005,16 de enero 2006,Sociedad Concesionaria Vía Santa Rosa S.A,13 de abril de 2006,168 meses desde PSP. Concesión finalizó el 13 de marzo de 2022,No Asignado,No Asignado,Concesión Corredor de Transporte Público Av. Santa Rosa,3111969.0,0.0
